,Unnamed: 0,time_window,volume,hour__6,hour__7,hour__8,hour__9,hour__15,hour__16,hour__17,hour__18,date
0,18,06:20:00),8,1,0,0,0,0,0,0,0,[2016-09-19
1,19,06:40:00),13,1,0,0,0,0,0,0,0,[2016-09-19
2,20,07:00:00),32,1,0,0,0,0,0,0,0,[2016-09-19
3,21,07:20:00),39,0,1,0,0,0,0,0,0,[2016-09-19
4,22,07:40:00),31,0,1,0,0,0,0,0,0,[2016-09-19
5,23,08:00:00),43,0,1,0,0,0,0,0,0,[2016-09-19
6,24,08:20:00),46,0,0,1,0,0,0,0,0,[2016-09-19
7,25,08:40:00),56,0,0,1,0,0,0,0,0,[2016-09-19
8,26,09:00:00),41,0,0,1,0,0,0,0,0,[2016-09-19
9,27,09:20:00),50,0,0,0,1,0,0,0,0,[2016-09-19
10,28,09:40:00),49,0,0,0,1,0,0,0,0,[2016-09-19
11,29,10:00:00),44,0,0,0,1,0,0,0,0,[2016-09-19
12,90,06:20:00),13,1,0,0,0,0,0,0,0,[2016-09-20
13,91,06:40:00),20,1,0,0,0,0,0,0,0,[2016-09-20
14,92,07:00:00),29,1,0,0,0,0,0,0,0,[2016-09-20
15,93,07:20:00),38,0,1,0,0,0,0,0,0,[2016-09-20
16,94,07:40:00),30,0,1,0,0,0,0,0,0,[2016-09-20
17,95,08:00:00),31,0,1,0,0,0,0,0,0,[2016-09-20
18,96,08:20:00),53,0,0,1,0,0,0,0,0,[2016-09-20
19,97,08:40:00),50,0,0,1,0,0,0,0,0,[2016-09-20
20,98,09:00:00),45,0,0,1,0,0,0,0,0,[2016-09-20
21,99,09:20:00),51,0,0,0,1,0,0,0,0,[2016-09-20
22,100,09:40:00),68,0,0,0,1,0,0,0,0,[2016-09-20
23,101,10:00:00),59,0,0,0,1,0,0,0,0,[2016-09-20
24,162,06:20:00),36,1,0,0,0,0,0,0,0,[2016-09-21
25,163,06:40:00),41,1,0,0,0,0,0,0,0,[2016-09-21
26,164,07:00:00),75,1,0,0,0,0,0,0,0,[2016-09-21
27,165,07:20:00),78,0,1,0,0,0,0,0,0,[2016-09-21
28,166,07:40:00),84,0,1,0,0,0,0,0,0,[2016-09-21
29,167,08:00:00),95,0,1,0,0,0,0,0,0,[2016-09-21
30,168,08:20:00),122,0,0,1,0,0,0,0,0,[2016-09-21
31,169,08:40:00),126,0,0,1,0,0,0,0,0,[2016-09-21
32,170,09:00:00),77,0,0,1,0,0,0,0,0,[2016-09-21
33,171,09:20:00),49,0,0,0,1,0,0,0,0,[2016-09-21
34,172,09:40:00),55,0,0,0,1,0,0,0,0,[2016-09-21
35,173,10:00:00),53,0,0,0,1,0,0,0,0,[2016-09-21
36,234,06:20:00),6,1,0,0,0,0,0,0,0,[2016-09-22
37,235,06:40:00),10,1,0,0,0,0,0,0,0,[2016-09-22
38,236,07:00:00),36,1,0,0,0,0,0,0,0,[2016-09-22
39,237,07:20:00),28,0,1,0,0,0,0,0,0,[2016-09-22
40,238,07:40:00),40,0,1,0,0,0,0,0,0,[2016-09-22
41,239,08:00:00),34,0,1,0,0,0,0,0,0,[2016-09-22
42,240,08:20:00),50,0,0,1,0,0,0,0,0,[2016-09-22
43,241,08:40:00),58,0,0,1,0,0,0,0,0,[2016-09-22
44,242,09:00:00),51,0,0,1,0,0,0,0,0,[2016-09-22
45,243,09:20:00),43,0,0,0,1,0,0,0,0,[2016-09-22
46,244,09:40:00),52,0,0,0,1,0,0,0,0,[2016-09-22
47,245,10:00:00),59,0,0,0,1,0,0,0,0,[2016-09-22
48,306,06:20:00),12,1,0,0,0,0,0,0,0,[2016-09-23
49,307,06:40:00),17,1,0,0,0,0,0,0,0,[2016-09-23
50,308,07:00:00),32,1,0,0,0,0,0,0,0,[2016-09-23
51,309,07:20:00),28,0,1,0,0,0,0,0,0,[2016-09-23
52,310,07:40:00),41,0,1,0,0,0,0,0,0,[2016-09-23
53,311,08:00:00),42,0,1,0,0,0,0,0,0,[2016-09-23
54,312,08:20:00),49,0,0,1,0,0,0,0,0,[2016-09-23
55,313,08:40:00),68,0,0,1,0,0,0,0,0,[2016-09-23
56,314,09:00:00),50,0,0,1,0,0,0,0,0,[2016-09-23
57,315,09:20:00),41,0,0,0,1,0,0,0,0,[2016-09-23
58,316,09:40:00),52,0,0,0,1,0,0,0,0,[2016-09-23
59,317,10:00:00),44,0,0,0,1,0,0,0,0,[2016-09-23
60,378,06:20:00),8,1,0,0,0,0,0,0,0,[2016-09-24
61,379,06:40:00),19,1,0,0,0,0,0,0,0,[2016-09-24
62,380,07:00:00),24,1,0,0,0,0,0,0,0,[2016-09-24
63,381,07:20:00),28,0,1,0,0,0,0,0,0,[2016-09-24
64,382,07:40:00),33,0,1,0,0,0,0,0,0,[2016-09-24
65,383,08:00:00),35,0,1,0,0,0,0,0,0,[2016-09-24
66,384,08:20:00),43,0,0,1,0,0,0,0,0,[2016-09-24
67,385,08:40:00),64,0,0,1,0,0,0,0,0,[2016-09-24
68,386,09:00:00),71,0,0,1,0,0,0,0,0,[2016-09-24
69,387,09:20:00),52,0,0,0,1,0,0,0,0,[2016-09-24
70,388,09:40:00),68,0,0,0,1,0,0,0,0,[2016-09-24
71,389,10:00:00),66,0,0,0,1,0,0,0,0,[2016-09-24
72,450,06:20:00),10,1,0,0,0,0,0,0,0,[2016-09-25
73,451,06:40:00),12,1,0,0,0,0,0,0,0,[2016-09-25
74,452,07:00:00),26,1,0,0,0,0,0,0,0,[2016-09-25
75,453,07:20:00),20,0,1,0,0,0,0,0,0,[2016-09-25
76,454,07:40:00),22,0,1,0,0,0,0,0,0,[2016-09-25
77,455,08:00:00),33,0,1,0,0,0,0,0,0,[2016-09-25
78,456,08:20:00),35,0,0,1,0,0,0,0,0,[2016-09-25
79,457,08:40:00),40,0,0,1,0,0,0,0,0,[2016-09-25
80,458,09:00:00),50,0,0,1,0,0,0,0,0,[2016-09-25
81,459,09:20:00),41,0,0,0,1,0,0,0,0,[2016-09-25
82,460,09:40:00),42,0,0,0,1,0,0,0,0,[2016-09-25
83,461,10:00:00),49,0,0,0,1,0,0,0,0,[2016-09-25
84,522,06:20:00),13,1,0,0,0,0,0,0,0,[2016-09-26
85,523,06:40:00),23,1,0,0,0,0,0,0,0,[2016-09-26
86,524,07:00:00),39,1,0,0,0,0,0,0,0,[2016-09-26
87,525,07:20:00),44,0,1,0,0,0,0,0,0,[2016-09-26
88,526,07:40:00),39,0,1,0,0,0,0,0,0,[2016-09-26
89,527,08:00:00),46,0,1,0,0,0,0,0,0,[2016-09-26
90,528,08:20:00),49,0,0,1,0,0,0,0,0,[2016-09-26
91,529,08:40:00),52,0,0,1,0,0,0,0,0,[2016-09-26
92,530,09:00:00),45,0,0,1,0,0,0,0,0,[2016-09-26
93,531,09:20:00),48,0,0,0,1,0,0,0,0,[2016-09-26
94,532,09:40:00),52,0,0,0,1,0,0,0,0,[2016-09-26
95,533,10:00:00),51,0,0,0,1,0,0,0,0,[2016-09-26
96,594,06:20:00),12,1,0,0,0,0,0,0,0,[2016-09-27
97,595,06:40:00),20,1,0,0,0,0,0,0,0,[2016-09-27
98,596,07:00:00),35,1,0,0,0,0,0,0,0,[2016-09-27
99,597,07:20:00),56,0,1,0,0,0,0,0,0,[2016-09-27
100,598,07:40:00),50,0,1,0,0,0,0,0,0,[2016-09-27
101,599,08:00:00),41,0,1,0,0,0,0,0,0,[2016-09-27
102,600,08:20:00),60,0,0,1,0,0,0,0,0,[2016-09-27
103,601,08:40:00),45,0,0,1,0,0,0,0,0,[2016-09-27
104,602,09:00:00),64,0,0,1,0,0,0,0,0,[2016-09-27
105,603,09:20:00),58,0,0,0,1,0,0,0,0,[2016-09-27
106,604,09:40:00),65,0,0,0,1,0,0,0,0,[2016-09-27
107,605,10:00:00),45,0,0,0,1,0,0,0,0,[2016-09-27
108,666,06:20:00),30,1,0,0,0,0,0,0,0,[2016-09-28
109,667,06:40:00),49,1,0,0,0,0,0,0,0,[2016-09-28
110,668,07:00:00),50,1,0,0,0,0,0,0,0,[2016-09-28
111,669,07:20:00),91,0,1,0,0,0,0,0,0,[2016-09-28
112,670,07:40:00),74,0,1,0,0,0,0,0,0,[2016-09-28
113,671,08:00:00),104,0,1,0,0,0,0,0,0,[2016-09-28
114,672,08:20:00),128,0,0,1,0,0,0,0,0,[2016-09-28
115,673,08:40:00),137,0,0,1,0,0,0,0,0,[2016-09-28
116,674,09:00:00),104,0,0,1,0,0,0,0,0,[2016-09-28
117,675,09:20:00),111,0,0,0,1,0,0,0,0,[2016-09-28
118,676,09:40:00),121,0,0,0,1,0,0,0,0,[2016-09-28
119,677,10:00:00),136,0,0,0,1,0,0,0,0,[2016-09-28
120,738,06:20:00),4,1,0,0,0,0,0,0,0,[2016-09-29
121,739,06:40:00),9,1,0,0,0,0,0,0,0,[2016-09-29
122,740,07:00:00),18,1,0,0,0,0,0,0,0,[2016-09-29
123,741,07:20:00),25,0,1,0,0,0,0,0,0,[2016-09-29
124,742,07:40:00),30,0,1,0,0,0,0,0,0,[2016-09-29
125,743,08:00:00),30,0,1,0,0,0,0,0,0,[2016-09-29
126,744,08:20:00),41,0,0,1,0,0,0,0,0,[2016-09-29
127,745,08:40:00),48,0,0,1,0,0,0,0,0,[2016-09-29
128,746,09:00:00),50,0,0,1,0,0,0,0,0,[2016-09-29
129,747,09:20:00),47,0,0,0,1,0,0,0,0,[2016-09-29
130,748,09:40:00),40,0,0,0,1,0,0,0,0,[2016-09-29
131,749,10:00:00),48,0,0,0,1,0,0,0,0,[2016-09-29
132,810,06:20:00),10,1,0,0,0,0,0,0,0,[2016-09-30
133,811,06:40:00),17,1,0,0,0,0,0,0,0,[2016-09-30
134,812,07:00:00),24,1,0,0,0,0,0,0,0,[2016-09-30
135,813,07:20:00),29,0,1,0,0,0,0,0,0,[2016-09-30
136,814,07:40:00),31,0,1,0,0,0,0,0,0,[2016-09-30
137,815,08:00:00),44,0,1,0,0,0,0,0,0,[2016-09-30
138,816,08:20:00),46,0,0,1,0,0,0,0,0,[2016-09-30
139,817,08:40:00),48,0,0,1,0,0,0,0,0,[2016-09-30
140,818,09:00:00),47,0,0,1,0,0,0,0,0,[2016-09-30
141,819,09:20:00),60,0,0,0,1,0,0,0,0,[2016-09-30
142,820,09:40:00),61,0,0,0,1,0,0,0,0,[2016-09-30
143,821,10:00:00),63,0,0,0,1,0,0,0,0,[2016-09-30
144,882,06:20:00),213,1,0,0,0,0,0,0,0,[2016-10-01
145,883,06:40:00),257,1,0,0,0,0,0,0,0,[2016-10-01
146,884,07:00:00),275,1,0,0,0,0,0,0,0,[2016-10-01
147,885,07:20:00),267,0,1,0,0,0,0,0,0,[2016-10-01
148,886,07:40:00),244,0,1,0,0,0,0,0,0,[2016-10-01
149,887,08:00:00),233,0,1,0,0,0,0,0,0,[2016-10-01
150,888,08:20:00),217,0,0,1,0,0,0,0,0,[2016-10-01
151,889,08:40:00),210,0,0,1,0,0,0,0,0,[2016-10-01
152,890,09:00:00),198,0,0,1,0,0,0,0,0,[2016-10-01
153,891,09:20:00),251,0,0,0,1,0,0,0,0,[2016-10-01
154,892,09:40:00),249,0,0,0,1,0,0,0,0,[2016-10-01
155,893,10:00:00),242,0,0,0,1,0,0,0,0,[2016-10-01
156,953,06:20:00),64,1,0,0,0,0,0,0,0,[2016-10-02
157,954,06:40:00),79,1,0,0,0,0,0,0,0,[2016-10-02
158,955,07:00:00),73,1,0,0,0,0,0,0,0,[2016-10-02
159,956,07:20:00),163,0,1,0,0,0,0,0,0,[2016-10-02
160,957,07:40:00),164,0,1,0,0,0,0,0,0,[2016-10-02
161,958,08:00:00),168,0,1,0,0,0,0,0,0,[2016-10-02
162,959,08:20:00),203,0,0,1,0,0,0,0,0,[2016-10-02
163,960,08:40:00),237,0,0,1,0,0,0,0,0,[2016-10-02
164,961,09:00:00),277,0,0,1,0,0,0,0,0,[2016-10-02
165,962,09:20:00),266,0,0,0,1,0,0,0,0,[2016-10-02
166,963,09:40:00),271,0,0,0,1,0,0,0,0,[2016-10-02
167,964,10:00:00),211,0,0,0,1,0,0,0,0,[2016-10-02
168,1384,06:20:00),9,1,0,0,0,0,0,0,0,[2016-10-08
169,1385,06:40:00),12,1,0,0,0,0,0,0,0,[2016-10-08
170,1386,07:00:00),19,1,0,0,0,0,0,0,0,[2016-10-08
171,1387,07:20:00),21,0,1,0,0,0,0,0,0,[2016-10-08
172,1388,07:40:00),36,0,1,0,0,0,0,0,0,[2016-10-08
173,1389,08:00:00),27,0,1,0,0,0,0,0,0,[2016-10-08
174,1390,08:20:00),31,0,0,1,0,0,0,0,0,[2016-10-08
175,1391,08:40:00),39,0,0,1,0,0,0,0,0,[2016-10-08
176,1392,09:00:00),38,0,0,1,0,0,0,0,0,[2016-10-08
177,1393,09:20:00),35,0,0,0,1,0,0,0,0,[2016-10-08
178,1394,09:40:00),31,0,0,0,1,0,0,0,0,[2016-10-08
179,1395,10:00:00),38,0,0,0,1,0,0,0,0,[2016-10-08
180,1455,06:20:00),8,1,0,0,0,0,0,0,0,[2016-10-09
181,1456,06:40:00),9,1,0,0,0,0,0,0,0,[2016-10-09
182,1457,07:00:00),17,1,0,0,0,0,0,0,0,[2016-10-09
183,1458,07:20:00),26,0,1,0,0,0,0,0,0,[2016-10-09
184,1459,07:40:00),25,0,1,0,0,0,0,0,0,[2016-10-09
185,1460,08:00:00),33,0,1,0,0,0,0,0,0,[2016-10-09
186,1461,08:20:00),46,0,0,1,0,0,0,0,0,[2016-10-09
187,1462,08:40:00),39,0,0,1,0,0,0,0,0,[2016-10-09
188,1463,09:00:00),35,0,0,1,0,0,0,0,0,[2016-10-09
189,1464,09:20:00),45,0,0,0,1,0,0,0,0,[2016-10-09
190,1465,09:40:00),41,0,0,0,1,0,0,0,0,[2016-10-09
191,1466,10:00:00),41,0,0,0,1,0,0,0,0,[2016-10-09
192,1526,06:20:00),13,1,0,0,0,0,0,0,0,[2016-10-10
193,1527,06:40:00),13,1,0,0,0,0,0,0,0,[2016-10-10
194,1528,07:00:00),18,1,0,0,0,0,0,0,0,[2016-10-10
195,1529,07:20:00),34,0,1,0,0,0,0,0,0,[2016-10-10
196,1530,07:40:00),40,0,1,0,0,0,0,0,0,[2016-10-10
197,1531,08:00:00),37,0,1,0,0,0,0,0,0,[2016-10-10
198,1532,08:20:00),47,0,0,1,0,0,0,0,0,[2016-10-10
199,1533,08:40:00),44,0,0,1,0,0,0,0,0,[2016-10-10
200,1534,09:00:00),57,0,0,1,0,0,0,0,0,[2016-10-10
201,1535,09:20:00),51,0,0,0,1,0,0,0,0,[2016-10-10
202,1536,09:40:00),44,0,0,0,1,0,0,0,0,[2016-10-10
203,1537,10:00:00),53,0,0,0,1,0,0,0,0,[2016-10-10
204,1598,06:20:00),9,1,0,0,0,0,0,0,0,[2016-10-11
205,1599,06:40:00),26,1,0,0,0,0,0,0,0,[2016-10-11
206,1600,07:00:00),18,1,0,0,0,0,0,0,0,[2016-10-11
207,1601,07:20:00),30,0,1,0,0,0,0,0,0,[2016-10-11
208,1602,07:40:00),40,0,1,0,0,0,0,0,0,[2016-10-11
209,1603,08:00:00),52,0,1,0,0,0,0,0,0,[2016-10-11
210,1604,08:20:00),49,0,0,1,0,0,0,0,0,[2016-10-11
211,1605,08:40:00),49,0,0,1,0,0,0,0,0,[2016-10-11
212,1606,09:00:00),40,0,0,1,0,0,0,0,0,[2016-10-11
213,1607,09:20:00),45,0,0,0,1,0,0,0,0,[2016-10-11
214,1608,09:40:00),47,0,0,0,1,0,0,0,0,[2016-10-11
215,1609,10:00:00),44,0,0,0,1,0,0,0,0,[2016-10-11
216,1670,06:20:00),10,1,0,0,0,0,0,0,0,[2016-10-12
217,1671,06:40:00),17,1,0,0,0,0,0,0,0,[2016-10-12
218,1672,07:00:00),16,1,0,0,0,0,0,0,0,[2016-10-12
219,1673,07:20:00),27,0,1,0,0,0,0,0,0,[2016-10-12
220,1674,07:40:00),27,0,1,0,0,0,0,0,0,[2016-10-12
221,1675,08:00:00),42,0,1,0,0,0,0,0,0,[2016-10-12
222,1676,08:20:00),45,0,0,1,0,0,0,0,0,[2016-10-12
223,1677,08:40:00),54,0,0,1,0,0,0,0,0,[2016-10-12
224,1678,09:00:00),55,0,0,1,0,0,0,0,0,[2016-10-12
225,1679,09:20:00),44,0,0,0,1,0,0,0,0,[2016-10-12
226,1680,09:40:00),51,0,0,0,1,0,0,0,0,[2016-10-12
227,1681,10:00:00),34,0,0,0,1,0,0,0,0,[2016-10-12
228,1742,06:20:00),17,1,0,0,0,0,0,0,0,[2016-10-13
229,1743,06:40:00),18,1,0,0,0,0,0,0,0,[2016-10-13
230,1744,07:00:00),32,1,0,0,0,0,0,0,0,[2016-10-13
231,1745,07:20:00),32,0,1,0,0,0,0,0,0,[2016-10-13
232,1746,07:40:00),44,0,1,0,0,0,0,0,0,[2016-10-13
233,1747,08:00:00),49,0,1,0,0,0,0,0,0,[2016-10-13
234,1748,08:20:00),51,0,0,1,0,0,0,0,0,[2016-10-13
235,1749,08:40:00),59,0,0,1,0,0,0,0,0,[2016-10-13
236,1750,09:00:00),42,0,0,1,0,0,0,0,0,[2016-10-13
237,1751,09:20:00),65,0,0,0,1,0,0,0,0,[2016-10-13
238,1752,09:40:00),46,0,0,0,1,0,0,0,0,[2016-10-13
239,1753,10:00:00),59,0,0,0,1,0,0,0,0,[2016-10-13
240,1814,06:20:00),14,1,0,0,0,0,0,0,0,[2016-10-14
241,1815,06:40:00),20,1,0,0,0,0,0,0,0,[2016-10-14
242,1816,07:00:00),20,1,0,0,0,0,0,0,0,[2016-10-14
243,1817,07:20:00),23,0,1,0,0,0,0,0,0,[2016-10-14
244,1818,07:40:00),28,0,1,0,0,0,0,0,0,[2016-10-14
245,1819,08:00:00),30,0,1,0,0,0,0,0,0,[2016-10-14
246,1820,08:20:00),34,0,0,1,0,0,0,0,0,[2016-10-14
247,1821,08:40:00),59,0,0,1,0,0,0,0,0,[2016-10-14
248,1822,09:00:00),46,0,0,1,0,0,0,0,0,[2016-10-14
249,1823,09:20:00),44,0,0,0,1,0,0,0,0,[2016-10-14
250,1824,09:40:00),48,0,0,0,1,0,0,0,0,[2016-10-14
251,1825,10:00:00),45,0,0,0,1,0,0,0,0,[2016-10-14
252,1886,06:20:00),10,1,0,0,0,0,0,0,0,[2016-10-15
253,1887,06:40:00),19,1,0,0,0,0,0,0,0,[2016-10-15
254,1888,07:00:00),31,1,0,0,0,0,0,0,0,[2016-10-15
255,1889,07:20:00),39,0,1,0,0,0,0,0,0,[2016-10-15
256,1890,07:40:00),53,0,1,0,0,0,0,0,0,[2016-10-15
257,1891,08:00:00),46,0,1,0,0,0,0,0,0,[2016-10-15
258,1892,08:20:00),44,0,0,1,0,0,0,0,0,[2016-10-15
259,1893,08:40:00),47,0,0,1,0,0,0,0,0,[2016-10-15
260,1894,09:00:00),55,0,0,1,0,0,0,0,0,[2016-10-15
261,1895,09:20:00),70,0,0,0,1,0,0,0,0,[2016-10-15
262,1896,09:40:00),72,0,0,0,1,0,0,0,0,[2016-10-15
263,1897,10:00:00),55,0,0,0,1,0,0,0,0,[2016-10-15
264,1958,06:20:00),6,1,0,0,0,0,0,0,0,[2016-10-16
265,1959,06:40:00),7,1,0,0,0,0,0,0,0,[2016-10-16
266,1960,07:00:00),10,1,0,0,0,0,0,0,0,[2016-10-16
267,1961,07:20:00),19,0,1,0,0,0,0,0,0,[2016-10-16
268,1962,07:40:00),28,0,1,0,0,0,0,0,0,[2016-10-16
269,1963,08:00:00),53,0,1,0,0,0,0,0,0,[2016-10-16
270,1964,08:20:00),29,0,0,1,0,0,0,0,0,[2016-10-16
271,1965,08:40:00),44,0,0,1,0,0,0,0,0,[2016-10-16
272,1966,09:00:00),35,0,0,1,0,0,0,0,0,[2016-10-16
273,1967,09:20:00),51,0,0,0,1,0,0,0,0,[2016-10-16
274,1968,09:40:00),47,0,0,0,1,0,0,0,0,[2016-10-16
275,1969,10:00:00),48,0,0,0,1,0,0,0,0,[2016-10-16
276,2030,06:20:00),13,1,0,0,0,0,0,0,0,[2016-10-17
277,2031,06:40:00),18,1,0,0,0,0,0,0,0,[2016-10-17
278,2032,07:00:00),19,1,0,0,0,0,0,0,0,[2016-10-17
279,2033,07:20:00),45,0,1,0,0,0,0,0,0,[2016-10-17
280,2034,07:40:00),44,0,1,0,0,0,0,0,0,[2016-10-17
281,2035,08:00:00),56,0,1,0,0,0,0,0,0,[2016-10-17
282,2036,08:20:00),50,0,0,1,0,0,0,0,0,[2016-10-17
283,2037,08:40:00),46,0,0,1,0,0,0,0,0,[2016-10-17
284,2038,09:00:00),56,0,0,1,0,0,0,0,0,[2016-10-17
285,2039,09:20:00),43,0,0,0,1,0,0,0,0,[2016-10-17
286,2040,09:40:00),54,0,0,0,1,0,0,0,0,[2016-10-17
287,2041,10:00:00),41,0,0,0,1,0,0,0,0,[2016-10-17
288,2084,06:20:00),13,1,0,0,0,0,0,0,0,[2016-10-18
289,2085,06:40:00),17,1,0,0,0,0,0,0,0,[2016-10-18
290,2086,07:00:00),21,1,0,0,0,0,0,0,0,[2016-10-18
291,2087,07:20:00),31,0,1,0,0,0,0,0,0,[2016-10-18
292,2088,07:40:00),28,0,1,0,0,0,0,0,0,[2016-10-18
293,2089,08:00:00),47,0,1,0,0,0,0,0,0,[2016-10-18
294,2096,06:20:00),12,1,0,0,0,0,0,0,0,[2016-10-19
295,2097,06:40:00),16,1,0,0,0,0,0,0,0,[2016-10-19
296,2098,07:00:00),17,1,0,0,0,0,0,0,0,[2016-10-19
297,2099,07:20:00),22,0,1,0,0,0,0,0,0,[2016-10-19
298,2100,07:40:00),38,0,1,0,0,0,0,0,0,[2016-10-19
299,2101,08:00:00),41,0,1,0,0,0,0,0,0,[2016-10-19
300,2108,06:20:00),8,1,0,0,0,0,0,0,0,[2016-10-20
301,2109,06:40:00),16,1,0,0,0,0,0,0,0,[2016-10-20
302,2110,07:00:00),23,1,0,0,0,0,0,0,0,[2016-10-20
303,2111,07:20:00),22,0,1,0,0,0,0,0,0,[2016-10-20
304,2112,07:40:00),33,0,1,0,0,0,0,0,0,[2016-10-20
305,2113,08:00:00),37,0,1,0,0,0,0,0,0,[2016-10-20
306,2120,06:20:00),8,1,0,0,0,0,0,0,0,[2016-10-21
307,2121,06:40:00),13,1,0,0,0,0,0,0,0,[2016-10-21
308,2122,07:00:00),21,1,0,0,0,0,0,0,0,[2016-10-21
309,2123,07:20:00),32,0,1,0,0,0,0,0,0,[2016-10-21
310,2124,07:40:00),41,0,1,0,0,0,0,0,0,[2016-10-21
311,2125,08:00:00),38,0,1,0,0,0,0,0,0,[2016-10-21
312,2132,06:20:00),7,1,0,0,0,0,0,0,0,[2016-10-22
313,2133,06:40:00),8,1,0,0,0,0,0,0,0,[2016-10-22
314,2134,07:00:00),22,1,0,0,0,0,0,0,0,[2016-10-22
315,2135,07:20:00),14,0,1,0,0,0,0,0,0,[2016-10-22
316,2136,07:40:00),27,0,1,0,0,0,0,0,0,[2016-10-22
317,2137,08:00:00),34,0,1,0,0,0,0,0,0,[2016-10-22
318,2144,06:20:00),13,1,0,0,0,0,0,0,0,[2016-10-23
319,2145,06:40:00),10,1,0,0,0,0,0,0,0,[2016-10-23
320,2146,07:00:00),8,1,0,0,0,0,0,0,0,[2016-10-23
321,2147,07:20:00),17,0,1,0,0,0,0,0,0,[2016-10-23
322,2148,07:40:00),24,0,1,0,0,0,0,0,0,[2016-10-23
323,2149,08:00:00),30,0,1,0,0,0,0,0,0,[2016-10-23
324,2156,06:20:00),18,1,0,0,0,0,0,0,0,[2016-10-24
325,2157,06:40:00),21,1,0,0,0,0,0,0,0,[2016-10-24
326,2158,07:00:00),24,1,0,0,0,0,0,0,0,[2016-10-24
327,2159,07:20:00),35,0,1,0,0,0,0,0,0,[2016-10-24
328,2160,07:40:00),34,0,1,0,0,0,0,0,0,[2016-10-24
329,2161,08:00:00),43,0,1,0,0,0,0,0,0,[2016-10-24
330,2186,06:20:00),39,1,0,0,0,0,0,0,0,[2016-09-19
331,2187,06:40:00),57,1,0,0,0,0,0,0,0,[2016-09-19
332,2188,07:00:00),72,1,0,0,0,0,0,0,0,[2016-09-19
333,2189,07:20:00),70,0,1,0,0,0,0,0,0,[2016-09-19
334,2190,07:40:00),83,0,1,0,0,0,0,0,0,[2016-09-19
335,2191,08:00:00),118,0,1,0,0,0,0,0,0,[2016-09-19
336,2192,08:20:00),123,0,0,1,0,0,0,0,0,[2016-09-19
337,2193,08:40:00),119,0,0,1,0,0,0,0,0,[2016-09-19
338,2194,09:00:00),116,0,0,1,0,0,0,0,0,[2016-09-19
339,2195,09:20:00),120,0,0,0,1,0,0,0,0,[2016-09-19
340,2196,09:40:00),151,0,0,0,1,0,0,0,0,[2016-09-19
341,2197,10:00:00),131,0,0,0,1,0,0,0,0,[2016-09-19
342,2258,06:20:00),47,1,0,0,0,0,0,0,0,[2016-09-20
343,2259,06:40:00),59,1,0,0,0,0,0,0,0,[2016-09-20
344,2260,07:00:00),69,1,0,0,0,0,0,0,0,[2016-09-20
345,2261,07:20:00),88,0,1,0,0,0,0,0,0,[2016-09-20
346,2262,07:40:00),126,0,1,0,0,0,0,0,0,[2016-09-20
347,2263,08:00:00),139,0,1,0,0,0,0,0,0,[2016-09-20
348,2264,08:20:00),132,0,0,1,0,0,0,0,0,[2016-09-20
349,2265,08:40:00),151,0,0,1,0,0,0,0,0,[2016-09-20
350,2266,09:00:00),131,0,0,1,0,0,0,0,0,[2016-09-20
351,2267,09:20:00),150,0,0,0,1,0,0,0,0,[2016-09-20
352,2268,09:40:00),142,0,0,0,1,0,0,0,0,[2016-09-20
353,2269,10:00:00),173,0,0,0,1,0,0,0,0,[2016-09-20
354,2330,06:20:00),36,1,0,0,0,0,0,0,0,[2016-09-21
355,2331,06:40:00),50,1,0,0,0,0,0,0,0,[2016-09-21
356,2332,07:00:00),71,1,0,0,0,0,0,0,0,[2016-09-21
357,2333,07:20:00),77,0,1,0,0,0,0,0,0,[2016-09-21
358,2334,07:40:00),94,0,1,0,0,0,0,0,0,[2016-09-21
359,2335,08:00:00),99,0,1,0,0,0,0,0,0,[2016-09-21
360,2336,08:20:00),100,0,0,1,0,0,0,0,0,[2016-09-21
361,2337,08:40:00),105,0,0,1,0,0,0,0,0,[2016-09-21
362,2338,09:00:00),119,0,0,1,0,0,0,0,0,[2016-09-21
363,2339,09:20:00),137,0,0,0,1,0,0,0,0,[2016-09-21
364,2340,09:40:00),132,0,0,0,1,0,0,0,0,[2016-09-21
365,2341,10:00:00),122,0,0,0,1,0,0,0,0,[2016-09-21
366,2402,06:20:00),42,1,0,0,0,0,0,0,0,[2016-09-22
367,2403,06:40:00),61,1,0,0,0,0,0,0,0,[2016-09-22
368,2404,07:00:00),60,1,0,0,0,0,0,0,0,[2016-09-22
369,2405,07:20:00),79,0,1,0,0,0,0,0,0,[2016-09-22
370,2406,07:40:00),96,0,1,0,0,0,0,0,0,[2016-09-22
371,2407,08:00:00),100,0,1,0,0,0,0,0,0,[2016-09-22
372,2408,08:20:00),106,0,0,1,0,0,0,0,0,[2016-09-22
373,2409,08:40:00),98,0,0,1,0,0,0,0,0,[2016-09-22
374,2410,09:00:00),111,0,0,1,0,0,0,0,0,[2016-09-22
375,2411,09:20:00),123,0,0,0,1,0,0,0,0,[2016-09-22
376,2412,09:40:00),107,0,0,0,1,0,0,0,0,[2016-09-22
377,2413,10:00:00),110,0,0,0,1,0,0,0,0,[2016-09-22
378,2474,06:20:00),22,1,0,0,0,0,0,0,0,[2016-09-23
379,2475,06:40:00),63,1,0,0,0,0,0,0,0,[2016-09-23
380,2476,07:00:00),63,1,0,0,0,0,0,0,0,[2016-09-23
381,2477,07:20:00),86,0,1,0,0,0,0,0,0,[2016-09-23
382,2478,07:40:00),100,0,1,0,0,0,0,0,0,[2016-09-23
383,2479,08:00:00),93,0,1,0,0,0,0,0,0,[2016-09-23
384,2480,08:20:00),110,0,0,1,0,0,0,0,0,[2016-09-23
385,2481,08:40:00),127,0,0,1,0,0,0,0,0,[2016-09-23
386,2482,09:00:00),112,0,0,1,0,0,0,0,0,[2016-09-23
387,2483,09:20:00),129,0,0,0,1,0,0,0,0,[2016-09-23
388,2484,09:40:00),107,0,0,0,1,0,0,0,0,[2016-09-23
389,2485,10:00:00),105,0,0,0,1,0,0,0,0,[2016-09-23
390,2546,06:20:00),37,1,0,0,0,0,0,0,0,[2016-09-24
391,2547,06:40:00),58,1,0,0,0,0,0,0,0,[2016-09-24
392,2548,07:00:00),63,1,0,0,0,0,0,0,0,[2016-09-24
393,2549,07:20:00),74,0,1,0,0,0,0,0,0,[2016-09-24
394,2550,07:40:00),74,0,1,0,0,0,0,0,0,[2016-09-24
395,2551,08:00:00),106,0,1,0,0,0,0,0,0,[2016-09-24
396,2552,08:20:00),95,0,0,1,0,0,0,0,0,[2016-09-24
397,2553,08:40:00),101,0,0,1,0,0,0,0,0,[2016-09-24
398,2554,09:00:00),102,0,0,1,0,0,0,0,0,[2016-09-24
399,2555,09:20:00),82,0,0,0,1,0,0,0,0,[2016-09-24
400,2556,09:40:00),86,0,0,0,1,0,0,0,0,[2016-09-24
401,2557,10:00:00),78,0,0,0,1,0,0,0,0,[2016-09-24
402,2618,06:20:00),41,1,0,0,0,0,0,0,0,[2016-09-25
403,2619,06:40:00),47,1,0,0,0,0,0,0,0,[2016-09-25
404,2620,07:00:00),60,1,0,0,0,0,0,0,0,[2016-09-25
405,2621,07:20:00),65,0,1,0,0,0,0,0,0,[2016-09-25
406,2622,07:40:00),81,0,1,0,0,0,0,0,0,[2016-09-25
407,2623,08:00:00),65,0,1,0,0,0,0,0,0,[2016-09-25
408,2624,08:20:00),98,0,0,1,0,0,0,0,0,[2016-09-25
409,2625,08:40:00),96,0,0,1,0,0,0,0,0,[2016-09-25
410,2626,09:00:00),105,0,0,1,0,0,0,0,0,[2016-09-25
411,2627,09:20:00),108,0,0,0,1,0,0,0,0,[2016-09-25
412,2628,09:40:00),103,0,0,0,1,0,0,0,0,[2016-09-25
413,2629,10:00:00),95,0,0,0,1,0,0,0,0,[2016-09-25
414,2690,06:20:00),31,1,0,0,0,0,0,0,0,[2016-09-26
415,2691,06:40:00),61,1,0,0,0,0,0,0,0,[2016-09-26
416,2692,07:00:00),66,1,0,0,0,0,0,0,0,[2016-09-26
417,2693,07:20:00),91,0,1,0,0,0,0,0,0,[2016-09-26
418,2694,07:40:00),120,0,1,0,0,0,0,0,0,[2016-09-26
419,2695,08:00:00),116,0,1,0,0,0,0,0,0,[2016-09-26
420,2696,08:20:00),125,0,0,1,0,0,0,0,0,[2016-09-26
421,2697,08:40:00),91,0,0,1,0,0,0,0,0,[2016-09-26
422,2698,09:00:00),116,0,0,1,0,0,0,0,0,[2016-09-26
423,2699,09:20:00),120,0,0,0,1,0,0,0,0,[2016-09-26
424,2700,09:40:00),130,0,0,0,1,0,0,0,0,[2016-09-26
425,2701,10:00:00),102,0,0,0,1,0,0,0,0,[2016-09-26
426,2762,06:20:00),45,1,0,0,0,0,0,0,0,[2016-09-27
427,2763,06:40:00),63,1,0,0,0,0,0,0,0,[2016-09-27
428,2764,07:00:00),79,1,0,0,0,0,0,0,0,[2016-09-27
429,2765,07:20:00),74,0,1,0,0,0,0,0,0,[2016-09-27
430,2766,07:40:00),98,0,1,0,0,0,0,0,0,[2016-09-27
431,2767,08:00:00),113,0,1,0,0,0,0,0,0,[2016-09-27
432,2768,08:20:00),118,0,0,1,0,0,0,0,0,[2016-09-27
433,2769,08:40:00),116,0,0,1,0,0,0,0,0,[2016-09-27
434,2770,09:00:00),125,0,0,1,0,0,0,0,0,[2016-09-27
435,2771,09:20:00),129,0,0,0,1,0,0,0,0,[2016-09-27
436,2772,09:40:00),97,0,0,0,1,0,0,0,0,[2016-09-27
437,2773,10:00:00),73,0,0,0,1,0,0,0,0,[2016-09-27
438,2834,06:20:00),35,1,0,0,0,0,0,0,0,[2016-09-28
439,2835,06:40:00),62,1,0,0,0,0,0,0,0,[2016-09-28
440,2836,07:00:00),52,1,0,0,0,0,0,0,0,[2016-09-28
441,2837,07:20:00),79,0,1,0,0,0,0,0,0,[2016-09-28
442,2838,07:40:00),69,0,1,0,0,0,0,0,0,[2016-09-28
443,2839,08:00:00),108,0,1,0,0,0,0,0,0,[2016-09-28
444,2840,08:20:00),95,0,0,1,0,0,0,0,0,[2016-09-28
445,2841,08:40:00),105,0,0,1,0,0,0,0,0,[2016-09-28
446,2842,09:00:00),118,0,0,1,0,0,0,0,0,[2016-09-28
447,2843,09:20:00),94,0,0,0,1,0,0,0,0,[2016-09-28
448,2844,09:40:00),109,0,0,0,1,0,0,0,0,[2016-09-28
449,2845,10:00:00),103,0,0,0,1,0,0,0,0,[2016-09-28
450,2906,06:20:00),32,1,0,0,0,0,0,0,0,[2016-09-29
451,2907,06:40:00),36,1,0,0,0,0,0,0,0,[2016-09-29
452,2908,07:00:00),54,1,0,0,0,0,0,0,0,[2016-09-29
453,2909,07:20:00),48,0,1,0,0,0,0,0,0,[2016-09-29
454,2910,07:40:00),58,0,1,0,0,0,0,0,0,[2016-09-29
455,2911,08:00:00),83,0,1,0,0,0,0,0,0,[2016-09-29
456,2912,08:20:00),97,0,0,1,0,0,0,0,0,[2016-09-29
457,2913,08:40:00),102,0,0,1,0,0,0,0,0,[2016-09-29
458,2914,09:00:00),122,0,0,1,0,0,0,0,0,[2016-09-29
459,2915,09:20:00),97,0,0,0,1,0,0,0,0,[2016-09-29
460,2916,09:40:00),113,0,0,0,1,0,0,0,0,[2016-09-29
461,2917,10:00:00),83,0,0,0,1,0,0,0,0,[2016-09-29
462,2978,06:20:00),45,1,0,0,0,0,0,0,0,[2016-09-30
463,2979,06:40:00),50,1,0,0,0,0,0,0,0,[2016-09-30
464,2980,07:00:00),60,1,0,0,0,0,0,0,0,[2016-09-30
465,2981,07:20:00),67,0,1,0,0,0,0,0,0,[2016-09-30
466,2982,07:40:00),104,0,1,0,0,0,0,0,0,[2016-09-30
467,2983,08:00:00),95,0,1,0,0,0,0,0,0,[2016-09-30
468,2984,08:20:00),126,0,0,1,0,0,0,0,0,[2016-09-30
469,2985,08:40:00),112,0,0,1,0,0,0,0,0,[2016-09-30
470,2986,09:00:00),141,0,0,1,0,0,0,0,0,[2016-09-30
471,2987,09:20:00),132,0,0,0,1,0,0,0,0,[2016-09-30
472,2988,09:40:00),134,0,0,0,1,0,0,0,0,[2016-09-30
473,2989,10:00:00),97,0,0,0,1,0,0,0,0,[2016-09-30
474,3048,06:20:00),6,1,0,0,0,0,0,0,0,[2016-10-01
475,3049,06:40:00),19,1,0,0,0,0,0,0,0,[2016-10-01
476,3050,07:00:00),2,1,0,0,0,0,0,0,0,[2016-10-01
477,3051,07:20:00),17,0,1,0,0,0,0,0,0,[2016-10-01
478,3052,07:40:00),7,0,1,0,0,0,0,0,0,[2016-10-01
479,3053,08:00:00),10,0,1,0,0,0,0,0,0,[2016-10-01
480,3054,08:20:00),5,0,0,1,0,0,0,0,0,[2016-10-01
481,3055,08:40:00),11,0,0,1,0,0,0,0,0,[2016-10-01
482,3056,09:00:00),15,0,0,1,0,0,0,0,0,[2016-10-01
483,3057,09:20:00),21,0,0,0,1,0,0,0,0,[2016-10-01
484,3058,09:40:00),22,0,0,0,1,0,0,0,0,[2016-10-01
485,3059,10:00:00),9,0,0,0,1,0,0,0,0,[2016-10-01
486,3120,06:20:00),10,1,0,0,0,0,0,0,0,[2016-10-02
487,3121,06:40:00),30,1,0,0,0,0,0,0,0,[2016-10-02
488,3122,07:00:00),17,1,0,0,0,0,0,0,0,[2016-10-02
489,3123,07:20:00),18,0,1,0,0,0,0,0,0,[2016-10-02
490,3124,07:40:00),19,0,1,0,0,0,0,0,0,[2016-10-02
491,3125,08:00:00),21,0,1,0,0,0,0,0,0,[2016-10-02
492,3126,08:20:00),19,0,0,1,0,0,0,0,0,[2016-10-02
493,3127,08:40:00),13,0,0,1,0,0,0,0,0,[2016-10-02
494,3128,09:00:00),6,0,0,1,0,0,0,0,0,[2016-10-02
495,3129,09:20:00),14,0,0,0,1,0,0,0,0,[2016-10-02
496,3130,09:40:00),9,0,0,0,1,0,0,0,0,[2016-10-02
497,3131,10:00:00),8,0,0,0,1,0,0,0,0,[2016-10-02
498,3550,06:20:00),30,1,0,0,0,0,0,0,0,[2016-10-08
499,3551,06:40:00),38,1,0,0,0,0,0,0,0,[2016-10-08
500,3552,07:00:00),67,1,0,0,0,0,0,0,0,[2016-10-08
501,3553,07:20:00),66,0,1,0,0,0,0,0,0,[2016-10-08
502,3554,07:40:00),89,0,1,0,0,0,0,0,0,[2016-10-08
503,3555,08:00:00),94,0,1,0,0,0,0,0,0,[2016-10-08
504,3556,08:20:00),96,0,0,1,0,0,0,0,0,[2016-10-08
505,3557,08:40:00),117,0,0,1,0,0,0,0,0,[2016-10-08
506,3558,09:00:00),82,0,0,1,0,0,0,0,0,[2016-10-08
507,3559,09:20:00),113,0,0,0,1,0,0,0,0,[2016-10-08
508,3560,09:40:00),73,0,0,0,1,0,0,0,0,[2016-10-08
509,3561,10:00:00),130,0,0,0,1,0,0,0,0,[2016-10-08
510,3622,06:20:00),33,1,0,0,0,0,0,0,0,[2016-10-09
511,3623,06:40:00),41,1,0,0,0,0,0,0,0,[2016-10-09
512,3624,07:00:00),53,1,0,0,0,0,0,0,0,[2016-10-09
513,3625,07:20:00),66,0,1,0,0,0,0,0,0,[2016-10-09
514,3626,07:40:00),81,0,1,0,0,0,0,0,0,[2016-10-09
515,3627,08:00:00),93,0,1,0,0,0,0,0,0,[2016-10-09
516,3628,08:20:00),117,0,0,1,0,0,0,0,0,[2016-10-09
517,3629,08:40:00),121,0,0,1,0,0,0,0,0,[2016-10-09
518,3630,09:00:00),103,0,0,1,0,0,0,0,0,[2016-10-09
519,3631,09:20:00),127,0,0,0,1,0,0,0,0,[2016-10-09
520,3632,09:40:00),93,0,0,0,1,0,0,0,0,[2016-10-09
521,3633,10:00:00),75,0,0,0,1,0,0,0,0,[2016-10-09
522,3694,06:20:00),33,1,0,0,0,0,0,0,0,[2016-10-10
523,3695,06:40:00),61,1,0,0,0,0,0,0,0,[2016-10-10
524,3696,07:00:00),59,1,0,0,0,0,0,0,0,[2016-10-10
525,3697,07:20:00),69,0,1,0,0,0,0,0,0,[2016-10-10
526,3698,07:40:00),102,0,1,0,0,0,0,0,0,[2016-10-10
527,3699,08:00:00),146,0,1,0,0,0,0,0,0,[2016-10-10
528,3700,08:20:00),111,0,0,1,0,0,0,0,0,[2016-10-10
529,3701,08:40:00),114,0,0,1,0,0,0,0,0,[2016-10-10
530,3702,09:00:00),103,0,0,1,0,0,0,0,0,[2016-10-10
531,3703,09:20:00),131,0,0,0,1,0,0,0,0,[2016-10-10
532,3704,09:40:00),123,0,0,0,1,0,0,0,0,[2016-10-10
533,3705,10:00:00),107,0,0,0,1,0,0,0,0,[2016-10-10
534,3766,06:20:00),37,1,0,0,0,0,0,0,0,[2016-10-11
535,3767,06:40:00),51,1,0,0,0,0,0,0,0,[2016-10-11
536,3768,07:00:00),56,1,0,0,0,0,0,0,0,[2016-10-11
537,3769,07:20:00),72,0,1,0,0,0,0,0,0,[2016-10-11
538,3770,07:40:00),94,0,1,0,0,0,0,0,0,[2016-10-11
539,3771,08:00:00),93,0,1,0,0,0,0,0,0,[2016-10-11
540,3772,08:20:00),130,0,0,1,0,0,0,0,0,[2016-10-11
541,3773,08:40:00),108,0,0,1,0,0,0,0,0,[2016-10-11
542,3774,09:00:00),126,0,0,1,0,0,0,0,0,[2016-10-11
543,3775,09:20:00),129,0,0,0,1,0,0,0,0,[2016-10-11
544,3776,09:40:00),108,0,0,0,1,0,0,0,0,[2016-10-11
545,3777,10:00:00),123,0,0,0,1,0,0,0,0,[2016-10-11
546,3838,06:20:00),38,1,0,0,0,0,0,0,0,[2016-10-12
547,3839,06:40:00),47,1,0,0,0,0,0,0,0,[2016-10-12
548,3840,07:00:00),67,1,0,0,0,0,0,0,0,[2016-10-12
549,3841,07:20:00),80,0,1,0,0,0,0,0,0,[2016-10-12
550,3842,07:40:00),82,0,1,0,0,0,0,0,0,[2016-10-12
551,3843,08:00:00),103,0,1,0,0,0,0,0,0,[2016-10-12
552,3844,08:20:00),114,0,0,1,0,0,0,0,0,[2016-10-12
553,3845,08:40:00),111,0,0,1,0,0,0,0,0,[2016-10-12
554,3846,09:00:00),109,0,0,1,0,0,0,0,0,[2016-10-12
555,3847,09:20:00),122,0,0,0,1,0,0,0,0,[2016-10-12
556,3848,09:40:00),116,0,0,0,1,0,0,0,0,[2016-10-12
557,3849,10:00:00),100,0,0,0,1,0,0,0,0,[2016-10-12
558,3910,06:20:00),39,1,0,0,0,0,0,0,0,[2016-10-13
559,3911,06:40:00),46,1,0,0,0,0,0,0,0,[2016-10-13
560,3912,07:00:00),76,1,0,0,0,0,0,0,0,[2016-10-13
561,3913,07:20:00),81,0,1,0,0,0,0,0,0,[2016-10-13
562,3914,07:40:00),95,0,1,0,0,0,0,0,0,[2016-10-13
563,3915,08:00:00),105,0,1,0,0,0,0,0,0,[2016-10-13
564,3916,08:20:00),107,0,0,1,0,0,0,0,0,[2016-10-13
565,3917,08:40:00),114,0,0,1,0,0,0,0,0,[2016-10-13
566,3918,09:00:00),130,0,0,1,0,0,0,0,0,[2016-10-13
567,3919,09:20:00),122,0,0,0,1,0,0,0,0,[2016-10-13
568,3920,09:40:00),98,0,0,0,1,0,0,0,0,[2016-10-13
569,3921,10:00:00),114,0,0,0,1,0,0,0,0,[2016-10-13
570,3982,06:20:00),34,1,0,0,0,0,0,0,0,[2016-10-14
571,3983,06:40:00),48,1,0,0,0,0,0,0,0,[2016-10-14
572,3984,07:00:00),57,1,0,0,0,0,0,0,0,[2016-10-14
573,3985,07:20:00),72,0,1,0,0,0,0,0,0,[2016-10-14
574,3986,07:40:00),78,0,1,0,0,0,0,0,0,[2016-10-14
575,3987,08:00:00),120,0,1,0,0,0,0,0,0,[2016-10-14
576,3988,08:20:00),108,0,0,1,0,0,0,0,0,[2016-10-14
577,3989,08:40:00),107,0,0,1,0,0,0,0,0,[2016-10-14
578,3990,09:00:00),108,0,0,1,0,0,0,0,0,[2016-10-14
579,3991,09:20:00),126,0,0,0,1,0,0,0,0,[2016-10-14
580,3992,09:40:00),111,0,0,0,1,0,0,0,0,[2016-10-14
581,3993,10:00:00),152,0,0,0,1,0,0,0,0,[2016-10-14
582,4054,06:20:00),43,1,0,0,0,0,0,0,0,[2016-10-15
583,4055,06:40:00),44,1,0,0,0,0,0,0,0,[2016-10-15
584,4056,07:00:00),59,1,0,0,0,0,0,0,0,[2016-10-15
585,4057,07:20:00),49,0,1,0,0,0,0,0,0,[2016-10-15
586,4058,07:40:00),75,0,1,0,0,0,0,0,0,[2016-10-15
587,4059,08:00:00),72,0,1,0,0,0,0,0,0,[2016-10-15
588,4060,08:20:00),73,0,0,1,0,0,0,0,0,[2016-10-15
589,4061,08:40:00),103,0,0,1,0,0,0,0,0,[2016-10-15
590,4062,09:00:00),123,0,0,1,0,0,0,0,0,[2016-10-15
591,4063,09:20:00),110,0,0,0,1,0,0,0,0,[2016-10-15
592,4064,09:40:00),103,0,0,0,1,0,0,0,0,[2016-10-15
593,4065,10:00:00),121,0,0,0,1,0,0,0,0,[2016-10-15
594,4126,06:20:00),37,1,0,0,0,0,0,0,0,[2016-10-16
595,4127,06:40:00),32,1,0,0,0,0,0,0,0,[2016-10-16
596,4128,07:00:00),58,1,0,0,0,0,0,0,0,[2016-10-16
597,4129,07:20:00),36,0,1,0,0,0,0,0,0,[2016-10-16
598,4130,07:40:00),50,0,1,0,0,0,0,0,0,[2016-10-16
599,4131,08:00:00),39,0,1,0,0,0,0,0,0,[2016-10-16
600,4132,08:20:00),47,0,0,1,0,0,0,0,0,[2016-10-16
601,4133,08:40:00),72,0,0,1,0,0,0,0,0,[2016-10-16
602,4134,09:00:00),67,0,0,1,0,0,0,0,0,[2016-10-16
603,4135,09:20:00),100,0,0,0,1,0,0,0,0,[2016-10-16
604,4136,09:40:00),108,0,0,0,1,0,0,0,0,[2016-10-16
605,4137,10:00:00),108,0,0,0,1,0,0,0,0,[2016-10-16
606,4198,06:20:00),45,1,0,0,0,0,0,0,0,[2016-10-17
607,4199,06:40:00),68,1,0,0,0,0,0,0,0,[2016-10-17
608,4200,07:00:00),73,1,0,0,0,0,0,0,0,[2016-10-17
609,4201,07:20:00),106,0,1,0,0,0,0,0,0,[2016-10-17
610,4202,07:40:00),120,0,1,0,0,0,0,0,0,[2016-10-17
611,4203,08:00:00),130,0,1,0,0,0,0,0,0,[2016-10-17
612,4204,08:20:00),132,0,0,1,0,0,0,0,0,[2016-10-17
613,4205,08:40:00),140,0,0,1,0,0,0,0,0,[2016-10-17
614,4206,09:00:00),141,0,0,1,0,0,0,0,0,[2016-10-17
615,4207,09:20:00),161,0,0,0,1,0,0,0,0,[2016-10-17
616,4208,09:40:00),120,0,0,0,1,0,0,0,0,[2016-10-17
617,4209,10:00:00),121,0,0,0,1,0,0,0,0,[2016-10-17
618,4252,06:20:00),37,1,0,0,0,0,0,0,0,[2016-10-18
619,4253,06:40:00),47,1,0,0,0,0,0,0,0,[2016-10-18
620,4254,07:00:00),72,1,0,0,0,0,0,0,0,[2016-10-18
621,4255,07:20:00),68,0,1,0,0,0,0,0,0,[2016-10-18
622,4256,07:40:00),94,0,1,0,0,0,0,0,0,[2016-10-18
623,4257,08:00:00),105,0,1,0,0,0,0,0,0,[2016-10-18
624,4264,06:20:00),48,1,0,0,0,0,0,0,0,[2016-10-19
625,4265,06:40:00),28,1,0,0,0,0,0,0,0,[2016-10-19
626,4266,07:00:00),57,1,0,0,0,0,0,0,0,[2016-10-19
627,4267,07:20:00),67,0,1,0,0,0,0,0,0,[2016-10-19
628,4268,07:40:00),98,0,1,0,0,0,0,0,0,[2016-10-19
629,4269,08:00:00),103,0,1,0,0,0,0,0,0,[2016-10-19
630,4276,06:20:00),46,1,0,0,0,0,0,0,0,[2016-10-20
631,4277,06:40:00),27,1,0,0,0,0,0,0,0,[2016-10-20
632,4278,07:00:00),55,1,0,0,0,0,0,0,0,[2016-10-20
633,4279,07:20:00),71,0,1,0,0,0,0,0,0,[2016-10-20
634,4280,07:40:00),88,0,1,0,0,0,0,0,0,[2016-10-20
635,4281,08:00:00),111,0,1,0,0,0,0,0,0,[2016-10-20
636,4288,06:20:00),33,1,0,0,0,0,0,0,0,[2016-10-21
637,4289,06:40:00),39,1,0,0,0,0,0,0,0,[2016-10-21
638,4290,07:00:00),54,1,0,0,0,0,0,0,0,[2016-10-21
639,4291,07:20:00),65,0,1,0,0,0,0,0,0,[2016-10-21
640,4292,07:40:00),102,0,1,0,0,0,0,0,0,[2016-10-21
641,4293,08:00:00),87,0,1,0,0,0,0,0,0,[2016-10-21
642,4300,06:20:00),31,1,0,0,0,0,0,0,0,[2016-10-22
643,4301,06:40:00),36,1,0,0,0,0,0,0,0,[2016-10-22
644,4302,07:00:00),56,1,0,0,0,0,0,0,0,[2016-10-22
645,4303,07:20:00),49,0,1,0,0,0,0,0,0,[2016-10-22
646,4304,07:40:00),44,0,1,0,0,0,0,0,0,[2016-10-22
647,4305,08:00:00),74,0,1,0,0,0,0,0,0,[2016-10-22
648,4312,06:20:00),26,1,0,0,0,0,0,0,0,[2016-10-23
649,4313,06:40:00),50,1,0,0,0,0,0,0,0,[2016-10-23
650,4314,07:00:00),33,1,0,0,0,0,0,0,0,[2016-10-23
651,4315,07:20:00),45,0,1,0,0,0,0,0,0,[2016-10-23
652,4316,07:40:00),41,0,1,0,0,0,0,0,0,[2016-10-23
653,4317,08:00:00),66,0,1,0,0,0,0,0,0,[2016-10-23
654,4324,06:20:00),31,1,0,0,0,0,0,0,0,[2016-10-24
655,4325,06:40:00),57,1,0,0,0,0,0,0,0,[2016-10-24
656,4326,07:00:00),59,1,0,0,0,0,0,0,0,[2016-10-24
657,4327,07:20:00),76,0,1,0,0,0,0,0,0,[2016-10-24
658,4328,07:40:00),116,0,1,0,0,0,0,0,0,[2016-10-24
659,4329,08:00:00),126,0,1,0,0,0,0,0,0,[2016-10-24
660,4342,06:20:00),30,1,0,0,0,0,0,0,0,[2016-09-19
661,4343,06:40:00),36,1,0,0,0,0,0,0,0,[2016-09-19
662,4344,07:00:00),37,1,0,0,0,0,0,0,0,[2016-09-19
663,4345,07:20:00),84,0,1,0,0,0,0,0,0,[2016-09-19
664,4346,07:40:00),80,0,1,0,0,0,0,0,0,[2016-09-19
665,4347,08:00:00),97,0,1,0,0,0,0,0,0,[2016-09-19
666,4348,08:20:00),129,0,0,1,0,0,0,0,0,[2016-09-19
667,4349,08:40:00),122,0,0,1,0,0,0,0,0,[2016-09-19
668,4350,09:00:00),98,0,0,1,0,0,0,0,0,[2016-09-19
669,4351,09:20:00),89,0,0,0,1,0,0,0,0,[2016-09-19
670,4352,09:40:00),78,0,0,0,1,0,0,0,0,[2016-09-19
671,4353,10:00:00),59,0,0,0,1,0,0,0,0,[2016-09-19
672,4402,06:20:00),33,1,0,0,0,0,0,0,0,[2016-09-20
673,4403,06:40:00),31,1,0,0,0,0,0,0,0,[2016-09-20
674,4404,07:00:00),54,1,0,0,0,0,0,0,0,[2016-09-20
675,4405,07:20:00),79,0,1,0,0,0,0,0,0,[2016-09-20
676,4406,07:40:00),86,0,1,0,0,0,0,0,0,[2016-09-20
677,4407,08:00:00),93,0,1,0,0,0,0,0,0,[2016-09-20
678,4408,08:20:00),112,0,0,1,0,0,0,0,0,[2016-09-20
679,4409,08:40:00),111,0,0,1,0,0,0,0,0,[2016-09-20
680,4410,09:00:00),112,0,0,1,0,0,0,0,0,[2016-09-20
681,4411,09:20:00),105,0,0,0,1,0,0,0,0,[2016-09-20
682,4412,09:40:00),99,0,0,0,1,0,0,0,0,[2016-09-20
683,4413,10:00:00),87,0,0,0,1,0,0,0,0,[2016-09-20
684,4463,06:20:00),6,1,0,0,0,0,0,0,0,[2016-09-21
685,4464,06:40:00),9,1,0,0,0,0,0,0,0,[2016-09-21
686,4465,07:00:00),14,1,0,0,0,0,0,0,0,[2016-09-21
687,4466,07:20:00),42,0,1,0,0,0,0,0,0,[2016-09-21
688,4467,07:40:00),37,0,1,0,0,0,0,0,0,[2016-09-21
689,4468,08:00:00),44,0,1,0,0,0,0,0,0,[2016-09-21
690,4469,08:20:00),37,0,0,1,0,0,0,0,0,[2016-09-21
691,4470,08:40:00),30,0,0,1,0,0,0,0,0,[2016-09-21
692,4471,09:00:00),66,0,0,1,0,0,0,0,0,[2016-09-21
693,4472,09:20:00),104,0,0,0,1,0,0,0,0,[2016-09-21
694,4473,09:40:00),100,0,0,0,1,0,0,0,0,[2016-09-21
695,4474,10:00:00),80,0,0,0,1,0,0,0,0,[2016-09-21
696,4522,06:20:00),30,1,0,0,0,0,0,0,0,[2016-09-22
697,4523,06:40:00),31,1,0,0,0,0,0,0,0,[2016-09-22
698,4524,07:00:00),38,1,0,0,0,0,0,0,0,[2016-09-22
699,4525,07:20:00),72,0,1,0,0,0,0,0,0,[2016-09-22
700,4526,07:40:00),79,0,1,0,0,0,0,0,0,[2016-09-22
701,4527,08:00:00),100,0,1,0,0,0,0,0,0,[2016-09-22
702,4528,08:20:00),108,0,0,1,0,0,0,0,0,[2016-09-22
703,4529,08:40:00),110,0,0,1,0,0,0,0,0,[2016-09-22
704,4530,09:00:00),101,0,0,1,0,0,0,0,0,[2016-09-22
705,4531,09:20:00),96,0,0,0,1,0,0,0,0,[2016-09-22
706,4532,09:40:00),81,0,0,0,1,0,0,0,0,[2016-09-22
707,4533,10:00:00),65,0,0,0,1,0,0,0,0,[2016-09-22
708,4583,06:20:00),31,1,0,0,0,0,0,0,0,[2016-09-23
709,4584,06:40:00),32,1,0,0,0,0,0,0,0,[2016-09-23
710,4585,07:00:00),54,1,0,0,0,0,0,0,0,[2016-09-23
711,4586,07:20:00),82,0,1,0,0,0,0,0,0,[2016-09-23
712,4587,07:40:00),91,0,1,0,0,0,0,0,0,[2016-09-23
713,4588,08:00:00),103,0,1,0,0,0,0,0,0,[2016-09-23
714,4589,08:20:00),112,0,0,1,0,0,0,0,0,[2016-09-23
715,4590,08:40:00),106,0,0,1,0,0,0,0,0,[2016-09-23
716,4591,09:00:00),118,0,0,1,0,0,0,0,0,[2016-09-23
717,4592,09:20:00),92,0,0,0,1,0,0,0,0,[2016-09-23
718,4593,09:40:00),93,0,0,0,1,0,0,0,0,[2016-09-23
719,4594,10:00:00),76,0,0,0,1,0,0,0,0,[2016-09-23
720,4646,06:20:00),30,1,0,0,0,0,0,0,0,[2016-09-24
721,4647,06:40:00),31,1,0,0,0,0,0,0,0,[2016-09-24
722,4648,07:00:00),45,1,0,0,0,0,0,0,0,[2016-09-24
723,4649,07:20:00),46,0,1,0,0,0,0,0,0,[2016-09-24
724,4650,07:40:00),64,0,1,0,0,0,0,0,0,[2016-09-24
725,4651,08:00:00),82,0,1,0,0,0,0,0,0,[2016-09-24
726,4652,08:20:00),74,0,0,1,0,0,0,0,0,[2016-09-24
727,4653,08:40:00),86,0,0,1,0,0,0,0,0,[2016-09-24
728,4654,09:00:00),91,0,0,1,0,0,0,0,0,[2016-09-24
729,4655,09:20:00),94,0,0,0,1,0,0,0,0,[2016-09-24
730,4656,09:40:00),96,0,0,0,1,0,0,0,0,[2016-09-24
731,4657,10:00:00),100,0,0,0,1,0,0,0,0,[2016-09-24
732,4705,06:20:00),22,1,0,0,0,0,0,0,0,[2016-09-25
733,4706,06:40:00),23,1,0,0,0,0,0,0,0,[2016-09-25
734,4707,07:00:00),29,1,0,0,0,0,0,0,0,[2016-09-25
735,4708,07:20:00),30,0,1,0,0,0,0,0,0,[2016-09-25
736,4709,07:40:00),45,0,1,0,0,0,0,0,0,[2016-09-25
737,4710,08:00:00),62,0,1,0,0,0,0,0,0,[2016-09-25
738,4711,08:20:00),70,0,0,1,0,0,0,0,0,[2016-09-25
739,4712,08:40:00),75,0,0,1,0,0,0,0,0,[2016-09-25
740,4713,09:00:00),90,0,0,1,0,0,0,0,0,[2016-09-25
741,4714,09:20:00),64,0,0,0,1,0,0,0,0,[2016-09-25
742,4715,09:40:00),104,0,0,0,1,0,0,0,0,[2016-09-25
743,4716,10:00:00),93,0,0,0,1,0,0,0,0,[2016-09-25
744,4764,06:20:00),25,1,0,0,0,0,0,0,0,[2016-09-26
745,4765,06:40:00),40,1,0,0,0,0,0,0,0,[2016-09-26
746,4766,07:00:00),73,1,0,0,0,0,0,0,0,[2016-09-26
747,4767,07:20:00),88,0,1,0,0,0,0,0,0,[2016-09-26
748,4768,07:40:00),114,0,1,0,0,0,0,0,0,[2016-09-26
749,4769,08:00:00),126,0,1,0,0,0,0,0,0,[2016-09-26
750,4770,08:20:00),117,0,0,1,0,0,0,0,0,[2016-09-26
751,4771,08:40:00),130,0,0,1,0,0,0,0,0,[2016-09-26
752,4772,09:00:00),121,0,0,1,0,0,0,0,0,[2016-09-26
753,4773,09:20:00),126,0,0,0,1,0,0,0,0,[2016-09-26
754,4774,09:40:00),120,0,0,0,1,0,0,0,0,[2016-09-26
755,4775,10:00:00),81,0,0,0,1,0,0,0,0,[2016-09-26
756,4827,06:20:00),28,1,0,0,0,0,0,0,0,[2016-09-27
757,4828,06:40:00),31,1,0,0,0,0,0,0,0,[2016-09-27
758,4829,07:00:00),43,1,0,0,0,0,0,0,0,[2016-09-27
759,4830,07:20:00),51,0,1,0,0,0,0,0,0,[2016-09-27
760,4831,07:40:00),89,0,1,0,0,0,0,0,0,[2016-09-27
761,4832,08:00:00),104,0,1,0,0,0,0,0,0,[2016-09-27
762,4833,08:20:00),128,0,0,1,0,0,0,0,0,[2016-09-27
763,4834,08:40:00),117,0,0,1,0,0,0,0,0,[2016-09-27
764,4835,09:00:00),131,0,0,1,0,0,0,0,0,[2016-09-27
765,4836,09:20:00),111,0,0,0,1,0,0,0,0,[2016-09-27
766,4837,09:40:00),90,0,0,0,1,0,0,0,0,[2016-09-27
767,4838,10:00:00),94,0,0,0,1,0,0,0,0,[2016-09-27
768,4889,06:20:00),5,1,0,0,0,0,0,0,0,[2016-09-28
769,4890,06:40:00),13,1,0,0,0,0,0,0,0,[2016-09-28
770,4891,07:00:00),26,1,0,0,0,0,0,0,0,[2016-09-28
771,4892,07:20:00),34,0,1,0,0,0,0,0,0,[2016-09-28
772,4893,07:40:00),48,0,1,0,0,0,0,0,0,[2016-09-28
773,4894,08:00:00),34,0,1,0,0,0,0,0,0,[2016-09-28
774,4895,08:20:00),32,0,0,1,0,0,0,0,0,[2016-09-28
775,4896,08:40:00),41,0,0,1,0,0,0,0,0,[2016-09-28
776,4897,09:00:00),35,0,0,1,0,0,0,0,0,[2016-09-28
777,4898,09:20:00),35,0,0,0,1,0,0,0,0,[2016-09-28
778,4899,09:40:00),23,0,0,0,1,0,0,0,0,[2016-09-28
779,4900,10:00:00),21,0,0,0,1,0,0,0,0,[2016-09-28
780,4948,06:20:00),15,1,0,0,0,0,0,0,0,[2016-09-29
781,4949,06:40:00),14,1,0,0,0,0,0,0,0,[2016-09-29
782,4950,07:00:00),32,1,0,0,0,0,0,0,0,[2016-09-29
783,4951,07:20:00),68,0,1,0,0,0,0,0,0,[2016-09-29
784,4952,07:40:00),72,0,1,0,0,0,0,0,0,[2016-09-29
785,4953,08:00:00),88,0,1,0,0,0,0,0,0,[2016-09-29
786,4954,08:20:00),105,0,0,1,0,0,0,0,0,[2016-09-29
787,4955,08:40:00),99,0,0,1,0,0,0,0,0,[2016-09-29
788,4956,09:00:00),114,0,0,1,0,0,0,0,0,[2016-09-29
789,4957,09:20:00),117,0,0,0,1,0,0,0,0,[2016-09-29
790,4958,09:40:00),102,0,0,0,1,0,0,0,0,[2016-09-29
791,4959,10:00:00),82,0,0,0,1,0,0,0,0,[2016-09-29
792,5010,06:20:00),35,1,0,0,0,0,0,0,0,[2016-09-30
793,5011,06:40:00),37,1,0,0,0,0,0,0,0,[2016-09-30
794,5012,07:00:00),52,1,0,0,0,0,0,0,0,[2016-09-30
795,5013,07:20:00),77,0,1,0,0,0,0,0,0,[2016-09-30
796,5014,07:40:00),86,0,1,0,0,0,0,0,0,[2016-09-30
797,5015,08:00:00),104,0,1,0,0,0,0,0,0,[2016-09-30
798,5016,08:20:00),114,0,0,1,0,0,0,0,0,[2016-09-30
799,5017,08:40:00),104,0,0,1,0,0,0,0,0,[2016-09-30
800,5018,09:00:00),107,0,0,1,0,0,0,0,0,[2016-09-30
801,5019,09:20:00),91,0,0,0,1,0,0,0,0,[2016-09-30
802,5020,09:40:00),92,0,0,0,1,0,0,0,0,[2016-09-30
803,5021,10:00:00),75,0,0,0,1,0,0,0,0,[2016-09-30
804,5079,06:20:00),16,1,0,0,0,0,0,0,0,[2016-10-01
805,5080,06:40:00),10,1,0,0,0,0,0,0,0,[2016-10-01
806,5081,07:00:00),13,1,0,0,0,0,0,0,0,[2016-10-01
807,5082,07:20:00),19,0,1,0,0,0,0,0,0,[2016-10-01
808,5083,07:40:00),13,0,1,0,0,0,0,0,0,[2016-10-01
809,5084,08:00:00),20,0,1,0,0,0,0,0,0,[2016-10-01
810,5085,08:20:00),14,0,0,1,0,0,0,0,0,[2016-10-01
811,5086,08:40:00),14,0,0,1,0,0,0,0,0,[2016-10-01
812,5087,09:00:00),10,0,0,1,0,0,0,0,0,[2016-10-01
813,5088,09:20:00),11,0,0,0,1,0,0,0,0,[2016-10-01
814,5089,09:40:00),13,0,0,0,1,0,0,0,0,[2016-10-01
815,5090,10:00:00),9,0,0,0,1,0,0,0,0,[2016-10-01
816,5132,08:40:00),15,0,0,1,0,0,0,0,0,[2016-10-02
817,5133,09:00:00),18,0,0,1,0,0,0,0,0,[2016-10-02
818,5134,09:20:00),14,0,0,0,1,0,0,0,0,[2016-10-02
819,5135,09:40:00),11,0,0,0,1,0,0,0,0,[2016-10-02
820,5136,10:00:00),8,0,0,0,1,0,0,0,0,[2016-10-02
821,5443,06:20:00),25,1,0,0,0,0,0,0,0,[2016-10-08
822,5444,06:40:00),27,1,0,0,0,0,0,0,0,[2016-10-08
823,5445,07:00:00),37,1,0,0,0,0,0,0,0,[2016-10-08
824,5446,07:20:00),72,0,1,0,0,0,0,0,0,[2016-10-08
825,5447,07:40:00),77,0,1,0,0,0,0,0,0,[2016-10-08
826,5448,08:00:00),97,0,1,0,0,0,0,0,0,[2016-10-08
827,5449,08:20:00),106,0,0,1,0,0,0,0,0,[2016-10-08
828,5450,08:40:00),93,0,0,1,0,0,0,0,0,[2016-10-08
829,5451,09:00:00),83,0,0,1,0,0,0,0,0,[2016-10-08
830,5452,09:20:00),83,0,0,0,1,0,0,0,0,[2016-10-08
831,5453,09:40:00),99,0,0,0,1,0,0,0,0,[2016-10-08
832,5454,10:00:00),86,0,0,0,1,0,0,0,0,[2016-10-08
833,5507,06:20:00),29,1,0,0,0,0,0,0,0,[2016-10-09
834,5508,06:40:00),31,1,0,0,0,0,0,0,0,[2016-10-09
835,5509,07:00:00),45,1,0,0,0,0,0,0,0,[2016-10-09
836,5510,07:20:00),61,0,1,0,0,0,0,0,0,[2016-10-09
837,5511,07:40:00),99,0,1,0,0,0,0,0,0,[2016-10-09
838,5512,08:00:00),100,0,1,0,0,0,0,0,0,[2016-10-09
839,5513,08:20:00),125,0,0,1,0,0,0,0,0,[2016-10-09
840,5514,08:40:00),114,0,0,1,0,0,0,0,0,[2016-10-09
841,5515,09:00:00),113,0,0,1,0,0,0,0,0,[2016-10-09
842,5516,09:20:00),125,0,0,0,1,0,0,0,0,[2016-10-09
843,5517,09:40:00),94,0,0,0,1,0,0,0,0,[2016-10-09
844,5518,10:00:00),80,0,0,0,1,0,0,0,0,[2016-10-09
845,5567,06:20:00),23,1,0,0,0,0,0,0,0,[2016-10-10
846,5568,06:40:00),34,1,0,0,0,0,0,0,0,[2016-10-10
847,5569,07:00:00),49,1,0,0,0,0,0,0,0,[2016-10-10
848,5570,07:20:00),82,0,1,0,0,0,0,0,0,[2016-10-10
849,5571,07:40:00),114,0,1,0,0,0,0,0,0,[2016-10-10
850,5572,08:00:00),115,0,1,0,0,0,0,0,0,[2016-10-10
851,5573,08:20:00),129,0,0,1,0,0,0,0,0,[2016-10-10
852,5574,08:40:00),120,0,0,1,0,0,0,0,0,[2016-10-10
853,5575,09:00:00),117,0,0,1,0,0,0,0,0,[2016-10-10
854,5576,09:20:00),121,0,0,0,1,0,0,0,0,[2016-10-10
855,5577,09:40:00),92,0,0,0,1,0,0,0,0,[2016-10-10
856,5578,10:00:00),90,0,0,0,1,0,0,0,0,[2016-10-10
857,5626,06:20:00),25,1,0,0,0,0,0,0,0,[2016-10-11
858,5627,06:40:00),31,1,0,0,0,0,0,0,0,[2016-10-11
859,5628,07:00:00),52,1,0,0,0,0,0,0,0,[2016-10-11
860,5629,07:20:00),94,0,1,0,0,0,0,0,0,[2016-10-11
861,5630,07:40:00),109,0,1,0,0,0,0,0,0,[2016-10-11
862,5631,08:00:00),103,0,1,0,0,0,0,0,0,[2016-10-11
863,5632,08:20:00),122,0,0,1,0,0,0,0,0,[2016-10-11
864,5633,08:40:00),106,0,0,1,0,0,0,0,0,[2016-10-11
865,5634,09:00:00),123,0,0,1,0,0,0,0,0,[2016-10-11
866,5635,09:20:00),106,0,0,0,1,0,0,0,0,[2016-10-11
867,5636,09:40:00),92,0,0,0,1,0,0,0,0,[2016-10-11
868,5637,10:00:00),71,0,0,0,1,0,0,0,0,[2016-10-11
869,5686,06:20:00),32,1,0,0,0,0,0,0,0,[2016-10-12
870,5687,06:40:00),27,1,0,0,0,0,0,0,0,[2016-10-12
871,5688,07:00:00),45,1,0,0,0,0,0,0,0,[2016-10-12
872,5689,07:20:00),91,0,1,0,0,0,0,0,0,[2016-10-12
873,5690,07:40:00),92,0,1,0,0,0,0,0,0,[2016-10-12
874,5691,08:00:00),119,0,1,0,0,0,0,0,0,[2016-10-12
875,5692,08:20:00),129,0,0,1,0,0,0,0,0,[2016-10-12
876,5693,08:40:00),124,0,0,1,0,0,0,0,0,[2016-10-12
877,5694,09:00:00),114,0,0,1,0,0,0,0,0,[2016-10-12
878,5695,09:20:00),112,0,0,0,1,0,0,0,0,[2016-10-12
879,5696,09:40:00),108,0,0,0,1,0,0,0,0,[2016-10-12
880,5697,10:00:00),86,0,0,0,1,0,0,0,0,[2016-10-12
881,5749,06:20:00),23,1,0,0,0,0,0,0,0,[2016-10-13
882,5750,06:40:00),54,1,0,0,0,0,0,0,0,[2016-10-13
883,5751,07:00:00),66,1,0,0,0,0,0,0,0,[2016-10-13
884,5752,07:20:00),91,0,1,0,0,0,0,0,0,[2016-10-13
885,5753,07:40:00),107,0,1,0,0,0,0,0,0,[2016-10-13
886,5754,08:00:00),145,0,1,0,0,0,0,0,0,[2016-10-13
887,5755,08:20:00),112,0,0,1,0,0,0,0,0,[2016-10-13
888,5756,08:40:00),121,0,0,1,0,0,0,0,0,[2016-10-13
889,5757,09:00:00),121,0,0,1,0,0,0,0,0,[2016-10-13
890,5758,09:20:00),127,0,0,0,1,0,0,0,0,[2016-10-13
891,5759,09:40:00),101,0,0,0,1,0,0,0,0,[2016-10-13
892,5760,10:00:00),77,0,0,0,1,0,0,0,0,[2016-10-13
893,5815,06:20:00),20,1,0,0,0,0,0,0,0,[2016-10-14
894,5816,06:40:00),45,1,0,0,0,0,0,0,0,[2016-10-14
895,5817,07:00:00),47,1,0,0,0,0,0,0,0,[2016-10-14
896,5818,07:20:00),87,0,1,0,0,0,0,0,0,[2016-10-14
897,5819,07:40:00),96,0,1,0,0,0,0,0,0,[2016-10-14
898,5820,08:00:00),108,0,1,0,0,0,0,0,0,[2016-10-14
899,5821,08:20:00),112,0,0,1,0,0,0,0,0,[2016-10-14
900,5822,08:40:00),132,0,0,1,0,0,0,0,0,[2016-10-14
901,5823,09:00:00),141,0,0,1,0,0,0,0,0,[2016-10-14
902,5824,09:20:00),105,0,0,0,1,0,0,0,0,[2016-10-14
903,5825,09:40:00),117,0,0,0,1,0,0,0,0,[2016-10-14
904,5826,10:00:00),77,0,0,0,1,0,0,0,0,[2016-10-14
905,5882,06:20:00),21,1,0,0,0,0,0,0,0,[2016-10-15
906,5883,06:40:00),13,1,0,0,0,0,0,0,0,[2016-10-15
907,5884,07:40:00),50,0,1,0,0,0,0,0,0,[2016-10-15
908,5885,08:00:00),81,0,1,0,0,0,0,0,0,[2016-10-15
909,5886,08:20:00),101,0,0,1,0,0,0,0,0,[2016-10-15
910,5887,08:40:00),118,0,0,1,0,0,0,0,0,[2016-10-15
911,5888,09:00:00),103,0,0,1,0,0,0,0,0,[2016-10-15
912,5889,09:20:00),108,0,0,0,1,0,0,0,0,[2016-10-15
913,5890,09:40:00),124,0,0,0,1,0,0,0,0,[2016-10-15
914,5891,10:00:00),95,0,0,0,1,0,0,0,0,[2016-10-15
915,5942,06:20:00),12,1,0,0,0,0,0,0,0,[2016-10-16
916,5943,06:40:00),34,1,0,0,0,0,0,0,0,[2016-10-16
917,5944,07:00:00),34,1,0,0,0,0,0,0,0,[2016-10-16
918,5945,07:20:00),40,0,1,0,0,0,0,0,0,[2016-10-16
919,5946,07:40:00),69,0,1,0,0,0,0,0,0,[2016-10-16
920,5947,08:00:00),58,0,1,0,0,0,0,0,0,[2016-10-16
921,5948,08:20:00),81,0,0,1,0,0,0,0,0,[2016-10-16
922,5949,08:40:00),92,0,0,1,0,0,0,0,0,[2016-10-16
923,5950,09:00:00),99,0,0,1,0,0,0,0,0,[2016-10-16
924,5951,09:20:00),95,0,0,0,1,0,0,0,0,[2016-10-16
925,5952,09:40:00),107,0,0,0,1,0,0,0,0,[2016-10-16
926,5953,10:00:00),87,0,0,0,1,0,0,0,0,[2016-10-16
927,6006,06:20:00),31,1,0,0,0,0,0,0,0,[2016-10-17
928,6007,06:40:00),45,1,0,0,0,0,0,0,0,[2016-10-17
929,6008,07:00:00),52,1,0,0,0,0,0,0,0,[2016-10-17
930,6009,07:20:00),84,0,1,0,0,0,0,0,0,[2016-10-17
931,6010,07:40:00),125,0,1,0,0,0,0,0,0,[2016-10-17
932,6011,08:00:00),119,0,1,0,0,0,0,0,0,[2016-10-17
933,6012,08:20:00),130,0,0,1,0,0,0,0,0,[2016-10-17
934,6013,08:40:00),133,0,0,1,0,0,0,0,0,[2016-10-17
935,6014,09:00:00),109,0,0,1,0,0,0,0,0,[2016-10-17
936,6015,09:20:00),114,0,0,0,1,0,0,0,0,[2016-10-17
937,6016,09:40:00),102,0,0,0,1,0,0,0,0,[2016-10-17
938,6017,10:00:00),91,0,0,0,1,0,0,0,0,[2016-10-17
939,6060,06:20:00),24,1,0,0,0,0,0,0,0,[2016-10-18
940,6061,06:40:00),36,1,0,0,0,0,0,0,0,[2016-10-18
941,6062,07:00:00),46,1,0,0,0,0,0,0,0,[2016-10-18
942,6063,07:20:00),83,0,1,0,0,0,0,0,0,[2016-10-18
943,6064,07:40:00),87,0,1,0,0,0,0,0,0,[2016-10-18
944,6065,08:00:00),97,0,1,0,0,0,0,0,0,[2016-10-18
945,6072,06:20:00),26,1,0,0,0,0,0,0,0,[2016-10-19
946,6073,06:40:00),45,1,0,0,0,0,0,0,0,[2016-10-19
947,6074,07:00:00),47,1,0,0,0,0,0,0,0,[2016-10-19
948,6075,07:20:00),87,0,1,0,0,0,0,0,0,[2016-10-19
949,6076,07:40:00),95,0,1,0,0,0,0,0,0,[2016-10-19
950,6077,08:00:00),99,0,1,0,0,0,0,0,0,[2016-10-19
951,6084,06:20:00),21,1,0,0,0,0,0,0,0,[2016-10-20
952,6085,06:40:00),23,1,0,0,0,0,0,0,0,[2016-10-20
953,6086,07:00:00),42,1,0,0,0,0,0,0,0,[2016-10-20
954,6087,07:20:00),76,0,1,0,0,0,0,0,0,[2016-10-20
955,6088,07:40:00),89,0,1,0,0,0,0,0,0,[2016-10-20
956,6089,08:00:00),112,0,1,0,0,0,0,0,0,[2016-10-20
957,6096,06:20:00),16,1,0,0,0,0,0,0,0,[2016-10-21
958,6097,06:40:00),24,1,0,0,0,0,0,0,0,[2016-10-21
959,6098,07:00:00),39,1,0,0,0,0,0,0,0,[2016-10-21
960,6099,07:20:00),66,0,1,0,0,0,0,0,0,[2016-10-21
961,6100,07:40:00),77,0,1,0,0,0,0,0,0,[2016-10-21
962,6101,08:00:00),90,0,1,0,0,0,0,0,0,[2016-10-21
963,6108,06:20:00),22,1,0,0,0,0,0,0,0,[2016-10-22
964,6109,06:40:00),22,1,0,0,0,0,0,0,0,[2016-10-22
965,6110,07:00:00),43,1,0,0,0,0,0,0,0,[2016-10-22
966,6111,07:20:00),24,0,1,0,0,0,0,0,0,[2016-10-22
967,6112,07:40:00),49,0,1,0,0,0,0,0,0,[2016-10-22
968,6113,08:00:00),55,0,1,0,0,0,0,0,0,[2016-10-22
969,6120,06:20:00),8,1,0,0,0,0,0,0,0,[2016-10-23
970,6121,06:40:00),11,1,0,0,0,0,0,0,0,[2016-10-23
971,6122,07:00:00),25,1,0,0,0,0,0,0,0,[2016-10-23
972,6123,07:20:00),29,0,1,0,0,0,0,0,0,[2016-10-23
973,6124,07:40:00),35,0,1,0,0,0,0,0,0,[2016-10-23
974,6125,08:00:00),42,0,1,0,0,0,0,0,0,[2016-10-23
975,6132,06:20:00),27,1,0,0,0,0,0,0,0,[2016-10-24
976,6133,06:40:00),39,1,0,0,0,0,0,0,0,[2016-10-24
977,6134,07:00:00),52,1,0,0,0,0,0,0,0,[2016-10-24
978,6135,07:20:00),104,0,1,0,0,0,0,0,0,[2016-10-24
979,6136,07:40:00),111,0,1,0,0,0,0,0,0,[2016-10-24
980,6137,08:00:00),123,0,1,0,0,0,0,0,0,[2016-10-24
981,6162,06:20:00),39,1,0,0,0,0,0,0,0,[2016-09-19
982,6163,06:40:00),58,1,0,0,0,0,0,0,0,[2016-09-19
983,6164,07:00:00),71,1,0,0,0,0,0,0,0,[2016-09-19
984,6165,07:20:00),127,0,1,0,0,0,0,0,0,[2016-09-19
985,6166,07:40:00),123,0,1,0,0,0,0,0,0,[2016-09-19
986,6167,08:00:00),153,0,1,0,0,0,0,0,0,[2016-09-19
987,6168,08:20:00),161,0,0,1,0,0,0,0,0,[2016-09-19
988,6169,08:40:00),167,0,0,1,0,0,0,0,0,[2016-09-19
989,6170,09:00:00),138,0,0,1,0,0,0,0,0,[2016-09-19
990,6171,09:20:00),174,0,0,0,1,0,0,0,0,[2016-09-19
991,6172,09:40:00),144,0,0,0,1,0,0,0,0,[2016-09-19
992,6173,10:00:00),148,0,0,0,1,0,0,0,0,[2016-09-19
993,6234,06:20:00),31,1,0,0,0,0,0,0,0,[2016-09-20
994,6235,06:40:00),43,1,0,0,0,0,0,0,0,[2016-09-20
995,6236,07:00:00),80,1,0,0,0,0,0,0,0,[2016-09-20
996,6237,07:20:00),113,0,1,0,0,0,0,0,0,[2016-09-20
997,6238,07:40:00),141,0,1,0,0,0,0,0,0,[2016-09-20
998,6239,08:00:00),136,0,1,0,0,0,0,0,0,[2016-09-20
999,6240,08:20:00),145,0,0,1,0,0,0,0,0,[2016-09-20
1000,6241,08:40:00),173,0,0,1,0,0,0,0,0,[2016-09-20
1001,6242,09:00:00),154,0,0,1,0,0,0,0,0,[2016-09-20
1002,6243,09:20:00),144,0,0,0,1,0,0,0,0,[2016-09-20
1003,6244,09:40:00),142,0,0,0,1,0,0,0,0,[2016-09-20
1004,6245,10:00:00),144,0,0,0,1,0,0,0,0,[2016-09-20
1005,6306,06:20:00),32,1,0,0,0,0,0,0,0,[2016-09-21
1006,6307,06:40:00),47,1,0,0,0,0,0,0,0,[2016-09-21
1007,6308,07:00:00),85,1,0,0,0,0,0,0,0,[2016-09-21
1008,6309,07:20:00),116,0,1,0,0,0,0,0,0,[2016-09-21
1009,6310,07:40:00),133,0,1,0,0,0,0,0,0,[2016-09-21
1010,6311,08:00:00),151,0,1,0,0,0,0,0,0,[2016-09-21
1011,6312,08:20:00),135,0,0,1,0,0,0,0,0,[2016-09-21
1012,6313,08:40:00),163,0,0,1,0,0,0,0,0,[2016-09-21
1013,6314,09:00:00),120,0,0,1,0,0,0,0,0,[2016-09-21
1014,6315,09:20:00),139,0,0,0,1,0,0,0,0,[2016-09-21
1015,6316,09:40:00),120,0,0,0,1,0,0,0,0,[2016-09-21
1016,6317,10:00:00),130,0,0,0,1,0,0,0,0,[2016-09-21
1017,6378,06:20:00),26,1,0,0,0,0,0,0,0,[2016-09-22
1018,6379,06:40:00),33,1,0,0,0,0,0,0,0,[2016-09-22
1019,6380,07:00:00),100,1,0,0,0,0,0,0,0,[2016-09-22
1020,6381,07:20:00),122,0,1,0,0,0,0,0,0,[2016-09-22
1021,6382,07:40:00),112,0,1,0,0,0,0,0,0,[2016-09-22
1022,6383,08:00:00),134,0,1,0,0,0,0,0,0,[2016-09-22
1023,6384,08:20:00),164,0,0,1,0,0,0,0,0,[2016-09-22
1024,6385,08:40:00),160,0,0,1,0,0,0,0,0,[2016-09-22
1025,6386,09:00:00),172,0,0,1,0,0,0,0,0,[2016-09-22
1026,6387,09:20:00),151,0,0,0,1,0,0,0,0,[2016-09-22
1027,6388,09:40:00),132,0,0,0,1,0,0,0,0,[2016-09-22
1028,6389,10:00:00),101,0,0,0,1,0,0,0,0,[2016-09-22
1029,6450,06:20:00),23,1,0,0,0,0,0,0,0,[2016-09-23
1030,6451,06:40:00),60,1,0,0,0,0,0,0,0,[2016-09-23
1031,6452,07:00:00),69,1,0,0,0,0,0,0,0,[2016-09-23
1032,6453,07:20:00),118,0,1,0,0,0,0,0,0,[2016-09-23
1033,6454,07:40:00),132,0,1,0,0,0,0,0,0,[2016-09-23
1034,6455,08:00:00),152,0,1,0,0,0,0,0,0,[2016-09-23
1035,6456,08:20:00),149,0,0,1,0,0,0,0,0,[2016-09-23
1036,6457,08:40:00),132,0,0,1,0,0,0,0,0,[2016-09-23
1037,6458,09:00:00),161,0,0,1,0,0,0,0,0,[2016-09-23
1038,6459,09:20:00),176,0,0,0,1,0,0,0,0,[2016-09-23
1039,6460,09:40:00),157,0,0,0,1,0,0,0,0,[2016-09-23
1040,6461,10:00:00),137,0,0,0,1,0,0,0,0,[2016-09-23
1041,6522,06:20:00),35,1,0,0,0,0,0,0,0,[2016-09-24
1042,6523,06:40:00),52,1,0,0,0,0,0,0,0,[2016-09-24
1043,6524,07:00:00),75,1,0,0,0,0,0,0,0,[2016-09-24
1044,6525,07:20:00),83,0,1,0,0,0,0,0,0,[2016-09-24
1045,6526,07:40:00),88,0,1,0,0,0,0,0,0,[2016-09-24
1046,6527,08:00:00),104,0,1,0,0,0,0,0,0,[2016-09-24
1047,6528,08:20:00),114,0,0,1,0,0,0,0,0,[2016-09-24
1048,6529,08:40:00),121,0,0,1,0,0,0,0,0,[2016-09-24
1049,6530,09:00:00),127,0,0,1,0,0,0,0,0,[2016-09-24
1050,6531,09:20:00),117,0,0,0,1,0,0,0,0,[2016-09-24
1051,6532,09:40:00),113,0,0,0,1,0,0,0,0,[2016-09-24
1052,6533,10:00:00),134,0,0,0,1,0,0,0,0,[2016-09-24
1053,6594,06:20:00),36,1,0,0,0,0,0,0,0,[2016-09-25
1054,6595,06:40:00),43,1,0,0,0,0,0,0,0,[2016-09-25
1055,6596,07:00:00),69,1,0,0,0,0,0,0,0,[2016-09-25
1056,6597,07:20:00),71,0,1,0,0,0,0,0,0,[2016-09-25
1057,6598,07:40:00),81,0,1,0,0,0,0,0,0,[2016-09-25
1058,6599,08:00:00),88,0,1,0,0,0,0,0,0,[2016-09-25
1059,6600,08:20:00),115,0,0,1,0,0,0,0,0,[2016-09-25
1060,6601,08:40:00),88,0,0,1,0,0,0,0,0,[2016-09-25
1061,6602,09:00:00),110,0,0,1,0,0,0,0,0,[2016-09-25
1062,6603,09:20:00),92,0,0,0,1,0,0,0,0,[2016-09-25
1063,6604,09:40:00),125,0,0,0,1,0,0,0,0,[2016-09-25
1064,6605,10:00:00),110,0,0,0,1,0,0,0,0,[2016-09-25
1065,6666,06:20:00),42,1,0,0,0,0,0,0,0,[2016-09-26
1066,6667,06:40:00),67,1,0,0,0,0,0,0,0,[2016-09-26
1067,6668,07:00:00),92,1,0,0,0,0,0,0,0,[2016-09-26
1068,6669,07:20:00),159,0,1,0,0,0,0,0,0,[2016-09-26
1069,6670,07:40:00),162,0,1,0,0,0,0,0,0,[2016-09-26
1070,6671,08:00:00),151,0,1,0,0,0,0,0,0,[2016-09-26
1071,6672,08:20:00),180,0,0,1,0,0,0,0,0,[2016-09-26
1072,6673,08:40:00),172,0,0,1,0,0,0,0,0,[2016-09-26
1073,6674,09:00:00),170,0,0,1,0,0,0,0,0,[2016-09-26
1074,6675,09:20:00),136,0,0,0,1,0,0,0,0,[2016-09-26
1075,6676,09:40:00),148,0,0,0,1,0,0,0,0,[2016-09-26
1076,6677,10:00:00),117,0,0,0,1,0,0,0,0,[2016-09-26
1077,6738,06:20:00),33,1,0,0,0,0,0,0,0,[2016-09-27
1078,6739,06:40:00),41,1,0,0,0,0,0,0,0,[2016-09-27
1079,6740,07:00:00),71,1,0,0,0,0,0,0,0,[2016-09-27
1080,6741,07:20:00),113,0,1,0,0,0,0,0,0,[2016-09-27
1081,6742,07:40:00),139,0,1,0,0,0,0,0,0,[2016-09-27
1082,6743,08:00:00),142,0,1,0,0,0,0,0,0,[2016-09-27
1083,6744,08:20:00),188,0,0,1,0,0,0,0,0,[2016-09-27
1084,6745,08:40:00),137,0,0,1,0,0,0,0,0,[2016-09-27
1085,6746,09:00:00),189,0,0,1,0,0,0,0,0,[2016-09-27
1086,6747,09:20:00),150,0,0,0,1,0,0,0,0,[2016-09-27
1087,6748,09:40:00),127,0,0,0,1,0,0,0,0,[2016-09-27
1088,6749,10:00:00),123,0,0,0,1,0,0,0,0,[2016-09-27
1089,6810,06:20:00),28,1,0,0,0,0,0,0,0,[2016-09-28
1090,6811,06:40:00),37,1,0,0,0,0,0,0,0,[2016-09-28
1091,6812,07:00:00),84,1,0,0,0,0,0,0,0,[2016-09-28
1092,6813,07:20:00),119,0,1,0,0,0,0,0,0,[2016-09-28
1093,6814,07:40:00),132,0,1,0,0,0,0,0,0,[2016-09-28
1094,6815,08:00:00),135,0,1,0,0,0,0,0,0,[2016-09-28
1095,6816,08:20:00),139,0,0,1,0,0,0,0,0,[2016-09-28
1096,6817,08:40:00),148,0,0,1,0,0,0,0,0,[2016-09-28
1097,6818,09:00:00),156,0,0,1,0,0,0,0,0,[2016-09-28
1098,6819,09:20:00),145,0,0,0,1,0,0,0,0,[2016-09-28
1099,6820,09:40:00),132,0,0,0,1,0,0,0,0,[2016-09-28
1100,6821,10:00:00),133,0,0,0,1,0,0,0,0,[2016-09-28
1101,6882,06:20:00),23,1,0,0,0,0,0,0,0,[2016-09-29
1102,6883,06:40:00),41,1,0,0,0,0,0,0,0,[2016-09-29
1103,6884,07:00:00),75,1,0,0,0,0,0,0,0,[2016-09-29
1104,6885,07:20:00),100,0,1,0,0,0,0,0,0,[2016-09-29
1105,6886,07:40:00),116,0,1,0,0,0,0,0,0,[2016-09-29
1106,6887,08:00:00),121,0,1,0,0,0,0,0,0,[2016-09-29
1107,6888,08:20:00),149,0,0,1,0,0,0,0,0,[2016-09-29
1108,6889,08:40:00),141,0,0,1,0,0,0,0,0,[2016-09-29
1109,6890,09:00:00),145,0,0,1,0,0,0,0,0,[2016-09-29
1110,6891,09:20:00),128,0,0,0,1,0,0,0,0,[2016-09-29
1111,6892,09:40:00),106,0,0,0,1,0,0,0,0,[2016-09-29
1112,6893,10:00:00),105,0,0,0,1,0,0,0,0,[2016-09-29
1113,6954,06:20:00),23,1,0,0,0,0,0,0,0,[2016-09-30
1114,6955,06:40:00),58,1,0,0,0,0,0,0,0,[2016-09-30
1115,6956,07:00:00),83,1,0,0,0,0,0,0,0,[2016-09-30
1116,6957,07:20:00),118,0,1,0,0,0,0,0,0,[2016-09-30
1117,6958,07:40:00),116,0,1,0,0,0,0,0,0,[2016-09-30
1118,6959,08:00:00),134,0,1,0,0,0,0,0,0,[2016-09-30
1119,6960,08:20:00),148,0,0,1,0,0,0,0,0,[2016-09-30
1120,6961,08:40:00),177,0,0,1,0,0,0,0,0,[2016-09-30
1121,6962,09:00:00),119,0,0,1,0,0,0,0,0,[2016-09-30
1122,6963,09:20:00),179,0,0,0,1,0,0,0,0,[2016-09-30
1123,6964,09:40:00),144,0,0,0,1,0,0,0,0,[2016-09-30
1124,6965,10:00:00),105,0,0,0,1,0,0,0,0,[2016-09-30
1125,7026,06:20:00),55,1,0,0,0,0,0,0,0,[2016-10-01
1126,7027,06:40:00),96,1,0,0,0,0,0,0,0,[2016-10-01
1127,7028,07:00:00),83,1,0,0,0,0,0,0,0,[2016-10-01
1128,7029,07:20:00),94,0,1,0,0,0,0,0,0,[2016-10-01
1129,7030,07:40:00),102,0,1,0,0,0,0,0,0,[2016-10-01
1130,7031,08:00:00),134,0,1,0,0,0,0,0,0,[2016-10-01
1131,7032,08:20:00),107,0,0,1,0,0,0,0,0,[2016-10-01
1132,7033,08:40:00),136,0,0,1,0,0,0,0,0,[2016-10-01
1133,7034,09:00:00),145,0,0,1,0,0,0,0,0,[2016-10-01
1134,7035,09:20:00),165,0,0,0,1,0,0,0,0,[2016-10-01
1135,7036,09:40:00),171,0,0,0,1,0,0,0,0,[2016-10-01
1136,7037,10:00:00),122,0,0,0,1,0,0,0,0,[2016-10-01
1137,7097,06:20:00),36,1,0,0,0,0,0,0,0,[2016-10-02
1138,7098,06:40:00),47,1,0,0,0,0,0,0,0,[2016-10-02
1139,7099,07:00:00),61,1,0,0,0,0,0,0,0,[2016-10-02
1140,7100,07:20:00),74,0,1,0,0,0,0,0,0,[2016-10-02
1141,7101,07:40:00),94,0,1,0,0,0,0,0,0,[2016-10-02
1142,7102,08:00:00),95,0,1,0,0,0,0,0,0,[2016-10-02
1143,7103,08:20:00),133,0,0,1,0,0,0,0,0,[2016-10-02
1144,7104,08:40:00),141,0,0,1,0,0,0,0,0,[2016-10-02
1145,7105,09:00:00),146,0,0,1,0,0,0,0,0,[2016-10-02
1146,7106,09:20:00),175,0,0,0,1,0,0,0,0,[2016-10-02
1147,7107,09:40:00),161,0,0,0,1,0,0,0,0,[2016-10-02
1148,7108,10:00:00),147,0,0,0,1,0,0,0,0,[2016-10-02
1149,7529,06:20:00),27,1,0,0,0,0,0,0,0,[2016-10-08
1150,7530,06:40:00),56,1,0,0,0,0,0,0,0,[2016-10-08
1151,7531,07:00:00),69,1,0,0,0,0,0,0,0,[2016-10-08
1152,7532,07:20:00),120,0,1,0,0,0,0,0,0,[2016-10-08
1153,7533,07:40:00),124,0,1,0,0,0,0,0,0,[2016-10-08
1154,7534,08:00:00),149,0,1,0,0,0,0,0,0,[2016-10-08
1155,7535,08:20:00),137,0,0,1,0,0,0,0,0,[2016-10-08
1156,7536,08:40:00),152,0,0,1,0,0,0,0,0,[2016-10-08
1157,7537,09:00:00),145,0,0,1,0,0,0,0,0,[2016-10-08
1158,7538,09:20:00),148,0,0,0,1,0,0,0,0,[2016-10-08
1159,7539,09:40:00),137,0,0,0,1,0,0,0,0,[2016-10-08
1160,7540,10:00:00),120,0,0,0,1,0,0,0,0,[2016-10-08
1161,7600,06:20:00),21,1,0,0,0,0,0,0,0,[2016-10-09
1162,7601,06:40:00),46,1,0,0,0,0,0,0,0,[2016-10-09
1163,7602,07:00:00),75,1,0,0,0,0,0,0,0,[2016-10-09
1164,7603,07:20:00),107,0,1,0,0,0,0,0,0,[2016-10-09
1165,7604,07:40:00),109,0,1,0,0,0,0,0,0,[2016-10-09
1166,7605,08:00:00),110,0,1,0,0,0,0,0,0,[2016-10-09
1167,7606,08:20:00),136,0,0,1,0,0,0,0,0,[2016-10-09
1168,7607,08:40:00),156,0,0,1,0,0,0,0,0,[2016-10-09
1169,7608,09:00:00),145,0,0,1,0,0,0,0,0,[2016-10-09
1170,7609,09:20:00),128,0,0,0,1,0,0,0,0,[2016-10-09
1171,7610,09:40:00),122,0,0,0,1,0,0,0,0,[2016-10-09
1172,7611,10:00:00),97,0,0,0,1,0,0,0,0,[2016-10-09
1173,7672,06:20:00),25,1,0,0,0,0,0,0,0,[2016-10-10
1174,7673,06:40:00),60,1,0,0,0,0,0,0,0,[2016-10-10
1175,7674,07:00:00),68,1,0,0,0,0,0,0,0,[2016-10-10
1176,7675,07:20:00),123,0,1,0,0,0,0,0,0,[2016-10-10
1177,7676,07:40:00),136,0,1,0,0,0,0,0,0,[2016-10-10
1178,7677,08:00:00),151,0,1,0,0,0,0,0,0,[2016-10-10
1179,7678,08:20:00),153,0,0,1,0,0,0,0,0,[2016-10-10
1180,7679,08:40:00),150,0,0,1,0,0,0,0,0,[2016-10-10
1181,7680,09:00:00),135,0,0,1,0,0,0,0,0,[2016-10-10
1182,7681,09:20:00),141,0,0,0,1,0,0,0,0,[2016-10-10
1183,7682,09:40:00),153,0,0,0,1,0,0,0,0,[2016-10-10
1184,7683,10:00:00),114,0,0,0,1,0,0,0,0,[2016-10-10
1185,7744,06:20:00),28,1,0,0,0,0,0,0,0,[2016-10-11
1186,7745,06:40:00),44,1,0,0,0,0,0,0,0,[2016-10-11
1187,7746,07:00:00),92,1,0,0,0,0,0,0,0,[2016-10-11
1188,7747,07:20:00),101,0,1,0,0,0,0,0,0,[2016-10-11
1189,7748,07:40:00),126,0,1,0,0,0,0,0,0,[2016-10-11
1190,7749,08:00:00),147,0,1,0,0,0,0,0,0,[2016-10-11
1191,7750,08:20:00),168,0,0,1,0,0,0,0,0,[2016-10-11
1192,7751,08:40:00),136,0,0,1,0,0,0,0,0,[2016-10-11
1193,7752,09:00:00),172,0,0,1,0,0,0,0,0,[2016-10-11
1194,7753,09:20:00),141,0,0,0,1,0,0,0,0,[2016-10-11
1195,7754,09:40:00),122,0,0,0,1,0,0,0,0,[2016-10-11
1196,7755,10:00:00),122,0,0,0,1,0,0,0,0,[2016-10-11
1197,7816,06:20:00),33,1,0,0,0,0,0,0,0,[2016-10-12
1198,7817,06:40:00),50,1,0,0,0,0,0,0,0,[2016-10-12
1199,7818,07:00:00),81,1,0,0,0,0,0,0,0,[2016-10-12
1200,7819,07:20:00),101,0,1,0,0,0,0,0,0,[2016-10-12
1201,7820,07:40:00),115,0,1,0,0,0,0,0,0,[2016-10-12
1202,7821,08:00:00),153,0,1,0,0,0,0,0,0,[2016-10-12
1203,7822,08:20:00),151,0,0,1,0,0,0,0,0,[2016-10-12
1204,7823,08:40:00),146,0,0,1,0,0,0,0,0,[2016-10-12
1205,7824,09:00:00),160,0,0,1,0,0,0,0,0,[2016-10-12
1206,7825,09:20:00),146,0,0,0,1,0,0,0,0,[2016-10-12
1207,7826,09:40:00),107,0,0,0,1,0,0,0,0,[2016-10-12
1208,7827,10:00:00),112,0,0,0,1,0,0,0,0,[2016-10-12
1209,7888,06:20:00),31,1,0,0,0,0,0,0,0,[2016-10-13
1210,7889,06:40:00),38,1,0,0,0,0,0,0,0,[2016-10-13
1211,7890,07:00:00),72,1,0,0,0,0,0,0,0,[2016-10-13
1212,7891,07:20:00),110,0,1,0,0,0,0,0,0,[2016-10-13
1213,7892,07:40:00),134,0,1,0,0,0,0,0,0,[2016-10-13
1214,7893,08:00:00),145,0,1,0,0,0,0,0,0,[2016-10-13
1215,7894,08:20:00),162,0,0,1,0,0,0,0,0,[2016-10-13
1216,7895,08:40:00),157,0,0,1,0,0,0,0,0,[2016-10-13
1217,7896,09:00:00),148,0,0,1,0,0,0,0,0,[2016-10-13
1218,7897,09:20:00),148,0,0,0,1,0,0,0,0,[2016-10-13
1219,7898,09:40:00),140,0,0,0,1,0,0,0,0,[2016-10-13
1220,7899,10:00:00),131,0,0,0,1,0,0,0,0,[2016-10-13
1221,7960,06:20:00),19,1,0,0,0,0,0,0,0,[2016-10-14
1222,7961,06:40:00),38,1,0,0,0,0,0,0,0,[2016-10-14
1223,7962,07:00:00),78,1,0,0,0,0,0,0,0,[2016-10-14
1224,7963,07:20:00),93,0,1,0,0,0,0,0,0,[2016-10-14
1225,7964,07:40:00),126,0,1,0,0,0,0,0,0,[2016-10-14
1226,7965,08:00:00),152,0,1,0,0,0,0,0,0,[2016-10-14
1227,7966,08:20:00),158,0,0,1,0,0,0,0,0,[2016-10-14
1228,7967,08:40:00),180,0,0,1,0,0,0,0,0,[2016-10-14
1229,7968,09:00:00),146,0,0,1,0,0,0,0,0,[2016-10-14
1230,7969,09:20:00),161,0,0,0,1,0,0,0,0,[2016-10-14
1231,7970,09:40:00),140,0,0,0,1,0,0,0,0,[2016-10-14
1232,7971,10:00:00),129,0,0,0,1,0,0,0,0,[2016-10-14
1233,8032,06:20:00),19,1,0,0,0,0,0,0,0,[2016-10-15
1234,8033,06:40:00),42,1,0,0,0,0,0,0,0,[2016-10-15
1235,8034,07:00:00),80,1,0,0,0,0,0,0,0,[2016-10-15
1236,8035,07:20:00),103,0,1,0,0,0,0,0,0,[2016-10-15
1237,8036,07:40:00),107,0,1,0,0,0,0,0,0,[2016-10-15
1238,8037,08:00:00),92,0,1,0,0,0,0,0,0,[2016-10-15
1239,8038,08:20:00),105,0,0,1,0,0,0,0,0,[2016-10-15
1240,8039,08:40:00),97,0,0,1,0,0,0,0,0,[2016-10-15
1241,8040,09:00:00),128,0,0,1,0,0,0,0,0,[2016-10-15
1242,8041,09:20:00),127,0,0,0,1,0,0,0,0,[2016-10-15
1243,8042,09:40:00),115,0,0,0,1,0,0,0,0,[2016-10-15
1244,8043,10:00:00),121,0,0,0,1,0,0,0,0,[2016-10-15
1245,8104,06:20:00),28,1,0,0,0,0,0,0,0,[2016-10-16
1246,8105,06:40:00),39,1,0,0,0,0,0,0,0,[2016-10-16
1247,8106,07:00:00),62,1,0,0,0,0,0,0,0,[2016-10-16
1248,8107,07:20:00),65,0,1,0,0,0,0,0,0,[2016-10-16
1249,8108,07:40:00),78,0,1,0,0,0,0,0,0,[2016-10-16
1250,8109,08:00:00),74,0,1,0,0,0,0,0,0,[2016-10-16
1251,8110,08:20:00),85,0,0,1,0,0,0,0,0,[2016-10-16
1252,8111,08:40:00),114,0,0,1,0,0,0,0,0,[2016-10-16
1253,8112,09:00:00),102,0,0,1,0,0,0,0,0,[2016-10-16
1254,8113,09:20:00),105,0,0,0,1,0,0,0,0,[2016-10-16
1255,8114,09:40:00),94,0,0,0,1,0,0,0,0,[2016-10-16
1256,8115,10:00:00),72,0,0,0,1,0,0,0,0,[2016-10-16
1257,8176,06:20:00),40,1,0,0,0,0,0,0,0,[2016-10-17
1258,8177,06:40:00),59,1,0,0,0,0,0,0,0,[2016-10-17
1259,8178,07:00:00),95,1,0,0,0,0,0,0,0,[2016-10-17
1260,8179,07:20:00),145,0,1,0,0,0,0,0,0,[2016-10-17
1261,8180,07:40:00),162,0,1,0,0,0,0,0,0,[2016-10-17
1262,8181,08:00:00),165,0,1,0,0,0,0,0,0,[2016-10-17
1263,8182,08:20:00),175,0,0,1,0,0,0,0,0,[2016-10-17
1264,8183,08:40:00),182,0,0,1,0,0,0,0,0,[2016-10-17
1265,8184,09:00:00),180,0,0,1,0,0,0,0,0,[2016-10-17
1266,8185,09:20:00),138,0,0,0,1,0,0,0,0,[2016-10-17
1267,8186,09:40:00),150,0,0,0,1,0,0,0,0,[2016-10-17
1268,8187,10:00:00),117,0,0,0,1,0,0,0,0,[2016-10-17
1269,8230,06:20:00),30,1,0,0,0,0,0,0,0,[2016-10-18
1270,8231,06:40:00),42,1,0,0,0,0,0,0,0,[2016-10-18
1271,8232,07:00:00),85,1,0,0,0,0,0,0,0,[2016-10-18
1272,8233,07:20:00),114,0,1,0,0,0,0,0,0,[2016-10-18
1273,8234,07:40:00),131,0,1,0,0,0,0,0,0,[2016-10-18
1274,8235,08:00:00),164,0,1,0,0,0,0,0,0,[2016-10-18
1275,8242,06:20:00),24,1,0,0,0,0,0,0,0,[2016-10-19
1276,8243,06:40:00),57,1,0,0,0,0,0,0,0,[2016-10-19
1277,8244,07:00:00),75,1,0,0,0,0,0,0,0,[2016-10-19
1278,8245,07:20:00),119,0,1,0,0,0,0,0,0,[2016-10-19
1279,8246,07:40:00),137,0,1,0,0,0,0,0,0,[2016-10-19
1280,8247,08:00:00),152,0,1,0,0,0,0,0,0,[2016-10-19
1281,8254,06:20:00),37,1,0,0,0,0,0,0,0,[2016-10-20
1282,8255,06:40:00),44,1,0,0,0,0,0,0,0,[2016-10-20
1283,8256,07:00:00),73,1,0,0,0,0,0,0,0,[2016-10-20
1284,8257,07:20:00),114,0,1,0,0,0,0,0,0,[2016-10-20
1285,8258,07:40:00),123,0,1,0,0,0,0,0,0,[2016-10-20
1286,8259,08:00:00),120,0,1,0,0,0,0,0,0,[2016-10-20
1287,8266,06:20:00),22,1,0,0,0,0,0,0,0,[2016-10-21
1288,8267,06:40:00),49,1,0,0,0,0,0,0,0,[2016-10-21
1289,8268,07:00:00),66,1,0,0,0,0,0,0,0,[2016-10-21
1290,8269,07:20:00),116,0,1,0,0,0,0,0,0,[2016-10-21
1291,8270,07:40:00),135,0,1,0,0,0,0,0,0,[2016-10-21
1292,8271,08:00:00),155,0,1,0,0,0,0,0,0,[2016-10-21
1293,8278,06:20:00),27,1,0,0,0,0,0,0,0,[2016-10-22
1294,8279,06:40:00),37,1,0,0,0,0,0,0,0,[2016-10-22
1295,8280,07:00:00),51,1,0,0,0,0,0,0,0,[2016-10-22
1296,8281,07:20:00),76,0,1,0,0,0,0,0,0,[2016-10-22
1297,8282,07:40:00),89,0,1,0,0,0,0,0,0,[2016-10-22
1298,8283,08:00:00),77,0,1,0,0,0,0,0,0,[2016-10-22
1299,8290,06:20:00),18,1,0,0,0,0,0,0,0,[2016-10-23
1300,8291,06:40:00),29,1,0,0,0,0,0,0,0,[2016-10-23
1301,8292,07:00:00),43,1,0,0,0,0,0,0,0,[2016-10-23
1302,8293,07:20:00),51,0,1,0,0,0,0,0,0,[2016-10-23
1303,8294,07:40:00),71,0,1,0,0,0,0,0,0,[2016-10-23
1304,8295,08:00:00),66,0,1,0,0,0,0,0,0,[2016-10-23
1305,8302,06:20:00),41,1,0,0,0,0,0,0,0,[2016-10-24
1306,8303,06:40:00),53,1,0,0,0,0,0,0,0,[2016-10-24
1307,8304,07:00:00),105,1,0,0,0,0,0,0,0,[2016-10-24
1308,8305,07:20:00),150,0,1,0,0,0,0,0,0,[2016-10-24
1309,8306,07:40:00),148,0,1,0,0,0,0,0,0,[2016-10-24
1310,8307,08:00:00),171,0,1,0,0,0,0,0,0,[2016-10-24
1311,8331,06:20:00),30,1,0,0,0,0,0,0,0,[2016-09-19
1312,8332,06:40:00),38,1,0,0,0,0,0,0,0,[2016-09-19
1313,8333,07:00:00),65,1,0,0,0,0,0,0,0,[2016-09-19
1314,8334,07:20:00),67,0,1,0,0,0,0,0,0,[2016-09-19
1315,8335,07:40:00),71,0,1,0,0,0,0,0,0,[2016-09-19
1316,8336,08:00:00),103,0,1,0,0,0,0,0,0,[2016-09-19
1317,8337,08:20:00),118,0,0,1,0,0,0,0,0,[2016-09-19
1318,8338,08:40:00),168,0,0,1,0,0,0,0,0,[2016-09-19
1319,8339,09:00:00),161,0,0,1,0,0,0,0,0,[2016-09-19
1320,8340,09:20:00),145,0,0,0,1,0,0,0,0,[2016-09-19
1321,8341,09:40:00),125,0,0,0,1,0,0,0,0,[2016-09-19
1322,8342,10:00:00),116,0,0,0,1,0,0,0,0,[2016-09-19
1323,8403,06:20:00),24,1,0,0,0,0,0,0,0,[2016-09-20
1324,8404,06:40:00),43,1,0,0,0,0,0,0,0,[2016-09-20
1325,8405,07:00:00),66,1,0,0,0,0,0,0,0,[2016-09-20
1326,8406,07:20:00),83,0,1,0,0,0,0,0,0,[2016-09-20
1327,8407,07:40:00),97,0,1,0,0,0,0,0,0,[2016-09-20
1328,8408,08:00:00),122,0,1,0,0,0,0,0,0,[2016-09-20
1329,8409,08:20:00),154,0,0,1,0,0,0,0,0,[2016-09-20
1330,8410,08:40:00),209,0,0,1,0,0,0,0,0,[2016-09-20
1331,8411,09:00:00),210,0,0,1,0,0,0,0,0,[2016-09-20
1332,8412,09:20:00),191,0,0,0,1,0,0,0,0,[2016-09-20
1333,8413,09:40:00),222,0,0,0,1,0,0,0,0,[2016-09-20
1334,8414,10:00:00),174,0,0,0,1,0,0,0,0,[2016-09-20
1335,8475,06:20:00),20,1,0,0,0,0,0,0,0,[2016-09-21
1336,8476,06:40:00),42,1,0,0,0,0,0,0,0,[2016-09-21
1337,8477,07:00:00),37,1,0,0,0,0,0,0,0,[2016-09-21
1338,8478,07:20:00),66,0,1,0,0,0,0,0,0,[2016-09-21
1339,8479,07:40:00),92,0,1,0,0,0,0,0,0,[2016-09-21
1340,8480,08:00:00),89,0,1,0,0,0,0,0,0,[2016-09-21
1341,8481,08:20:00),126,0,0,1,0,0,0,0,0,[2016-09-21
1342,8482,08:40:00),122,0,0,1,0,0,0,0,0,[2016-09-21
1343,8483,09:00:00),149,0,0,1,0,0,0,0,0,[2016-09-21
1344,8484,09:20:00),131,0,0,0,1,0,0,0,0,[2016-09-21
1345,8485,09:40:00),83,0,0,0,1,0,0,0,0,[2016-09-21
1346,8486,10:00:00),78,0,0,0,1,0,0,0,0,[2016-09-21
1347,8547,06:20:00),33,1,0,0,0,0,0,0,0,[2016-09-22
1348,8548,06:40:00),37,1,0,0,0,0,0,0,0,[2016-09-22
1349,8549,07:00:00),50,1,0,0,0,0,0,0,0,[2016-09-22
1350,8550,07:20:00),63,0,1,0,0,0,0,0,0,[2016-09-22
1351,8551,07:40:00),88,0,1,0,0,0,0,0,0,[2016-09-22
1352,8552,08:00:00),93,0,1,0,0,0,0,0,0,[2016-09-22
1353,8553,08:20:00),121,0,0,1,0,0,0,0,0,[2016-09-22
1354,8554,08:40:00),127,0,0,1,0,0,0,0,0,[2016-09-22
1355,8555,09:00:00),136,0,0,1,0,0,0,0,0,[2016-09-22
1356,8556,09:20:00),116,0,0,0,1,0,0,0,0,[2016-09-22
1357,8557,09:40:00),110,0,0,0,1,0,0,0,0,[2016-09-22
1358,8558,10:00:00),96,0,0,0,1,0,0,0,0,[2016-09-22
1359,8619,06:20:00),28,1,0,0,0,0,0,0,0,[2016-09-23
1360,8620,06:40:00),41,1,0,0,0,0,0,0,0,[2016-09-23
1361,8621,07:00:00),53,1,0,0,0,0,0,0,0,[2016-09-23
1362,8622,07:20:00),66,0,1,0,0,0,0,0,0,[2016-09-23
1363,8623,07:40:00),81,0,1,0,0,0,0,0,0,[2016-09-23
1364,8624,08:00:00),105,0,1,0,0,0,0,0,0,[2016-09-23
1365,8625,08:20:00),118,0,0,1,0,0,0,0,0,[2016-09-23
1366,8626,08:40:00),135,0,0,1,0,0,0,0,0,[2016-09-23
1367,8627,09:00:00),154,0,0,1,0,0,0,0,0,[2016-09-23
1368,8628,09:20:00),134,0,0,0,1,0,0,0,0,[2016-09-23
1369,8629,09:40:00),137,0,0,0,1,0,0,0,0,[2016-09-23
1370,8630,10:00:00),96,0,0,0,1,0,0,0,0,[2016-09-23
1371,8691,06:20:00),17,1,0,0,0,0,0,0,0,[2016-09-24
1372,8692,06:40:00),44,1,0,0,0,0,0,0,0,[2016-09-24
1373,8693,07:00:00),48,1,0,0,0,0,0,0,0,[2016-09-24
1374,8694,07:20:00),73,0,1,0,0,0,0,0,0,[2016-09-24
1375,8695,07:40:00),71,0,1,0,0,0,0,0,0,[2016-09-24
1376,8696,08:00:00),95,0,1,0,0,0,0,0,0,[2016-09-24
1377,8697,08:20:00),122,0,0,1,0,0,0,0,0,[2016-09-24
1378,8698,08:40:00),113,0,0,1,0,0,0,0,0,[2016-09-24
1379,8699,09:00:00),107,0,0,1,0,0,0,0,0,[2016-09-24
1380,8700,09:20:00),115,0,0,0,1,0,0,0,0,[2016-09-24
1381,8701,09:40:00),128,0,0,0,1,0,0,0,0,[2016-09-24
1382,8702,10:00:00),124,0,0,0,1,0,0,0,0,[2016-09-24
1383,8763,06:20:00),21,1,0,0,0,0,0,0,0,[2016-09-25
1384,8764,06:40:00),28,1,0,0,0,0,0,0,0,[2016-09-25
1385,8765,07:00:00),49,1,0,0,0,0,0,0,0,[2016-09-25
1386,8766,07:20:00),50,0,1,0,0,0,0,0,0,[2016-09-25
1387,8767,07:40:00),72,0,1,0,0,0,0,0,0,[2016-09-25
1388,8768,08:00:00),112,0,1,0,0,0,0,0,0,[2016-09-25
1389,8769,08:20:00),112,0,0,1,0,0,0,0,0,[2016-09-25
1390,8770,08:40:00),111,0,0,1,0,0,0,0,0,[2016-09-25
1391,8771,09:00:00),120,0,0,1,0,0,0,0,0,[2016-09-25
1392,8772,09:20:00),108,0,0,0,1,0,0,0,0,[2016-09-25
1393,8773,09:40:00),140,0,0,0,1,0,0,0,0,[2016-09-25
1394,8774,10:00:00),102,0,0,0,1,0,0,0,0,[2016-09-25
1395,8835,06:20:00),22,1,0,0,0,0,0,0,0,[2016-09-26
1396,8836,06:40:00),49,1,0,0,0,0,0,0,0,[2016-09-26
1397,8837,07:00:00),66,1,0,0,0,0,0,0,0,[2016-09-26
1398,8838,07:20:00),83,0,1,0,0,0,0,0,0,[2016-09-26
1399,8839,07:40:00),87,0,1,0,0,0,0,0,0,[2016-09-26
1400,8840,08:00:00),137,0,1,0,0,0,0,0,0,[2016-09-26
1401,8841,08:20:00),138,0,0,1,0,0,0,0,0,[2016-09-26
1402,8842,08:40:00),164,0,0,1,0,0,0,0,0,[2016-09-26
1403,8843,09:00:00),150,0,0,1,0,0,0,0,0,[2016-09-26
1404,8844,09:20:00),145,0,0,0,1,0,0,0,0,[2016-09-26
1405,8845,09:40:00),113,0,0,0,1,0,0,0,0,[2016-09-26
1406,8846,10:00:00),104,0,0,0,1,0,0,0,0,[2016-09-26
1407,8907,06:20:00),25,1,0,0,0,0,0,0,0,[2016-09-27
1408,8908,06:40:00),42,1,0,0,0,0,0,0,0,[2016-09-27
1409,8909,07:00:00),53,1,0,0,0,0,0,0,0,[2016-09-27
1410,8910,07:20:00),71,0,1,0,0,0,0,0,0,[2016-09-27
1411,8911,07:40:00),73,0,1,0,0,0,0,0,0,[2016-09-27
1412,8912,08:00:00),97,0,1,0,0,0,0,0,0,[2016-09-27
1413,8913,08:20:00),96,0,0,1,0,0,0,0,0,[2016-09-27
1414,8914,08:40:00),118,0,0,1,0,0,0,0,0,[2016-09-27
1415,8915,09:00:00),144,0,0,1,0,0,0,0,0,[2016-09-27
1416,8916,09:20:00),117,0,0,0,1,0,0,0,0,[2016-09-27
1417,8917,09:40:00),109,0,0,0,1,0,0,0,0,[2016-09-27
1418,8918,10:00:00),94,0,0,0,1,0,0,0,0,[2016-09-27
1419,8979,06:20:00),24,1,0,0,0,0,0,0,0,[2016-09-28
1420,8980,06:40:00),36,1,0,0,0,0,0,0,0,[2016-09-28
1421,8981,07:00:00),43,1,0,0,0,0,0,0,0,[2016-09-28
1422,8982,07:20:00),75,0,1,0,0,0,0,0,0,[2016-09-28
1423,8983,07:40:00),58,0,1,0,0,0,0,0,0,[2016-09-28
1424,8984,08:00:00),83,0,1,0,0,0,0,0,0,[2016-09-28
1425,8985,08:20:00),110,0,0,1,0,0,0,0,0,[2016-09-28
1426,8986,08:40:00),132,0,0,1,0,0,0,0,0,[2016-09-28
1427,8987,09:00:00),131,0,0,1,0,0,0,0,0,[2016-09-28
1428,8988,09:20:00),143,0,0,0,1,0,0,0,0,[2016-09-28
1429,8989,09:40:00),132,0,0,0,1,0,0,0,0,[2016-09-28
1430,8990,10:00:00),84,0,0,0,1,0,0,0,0,[2016-09-28
1431,9051,06:20:00),16,1,0,0,0,0,0,0,0,[2016-09-29
1432,9052,06:40:00),25,1,0,0,0,0,0,0,0,[2016-09-29
1433,9053,07:00:00),32,1,0,0,0,0,0,0,0,[2016-09-29
1434,9054,07:20:00),48,0,1,0,0,0,0,0,0,[2016-09-29
1435,9055,07:40:00),55,0,1,0,0,0,0,0,0,[2016-09-29
1436,9056,08:00:00),60,0,1,0,0,0,0,0,0,[2016-09-29
1437,9057,08:20:00),103,0,0,1,0,0,0,0,0,[2016-09-29
1438,9058,08:40:00),105,0,0,1,0,0,0,0,0,[2016-09-29
1439,9059,09:00:00),123,0,0,1,0,0,0,0,0,[2016-09-29
1440,9060,09:20:00),130,0,0,0,1,0,0,0,0,[2016-09-29
1441,9061,09:40:00),111,0,0,0,1,0,0,0,0,[2016-09-29
1442,9062,10:00:00),121,0,0,0,1,0,0,0,0,[2016-09-29
1443,9123,06:20:00),21,1,0,0,0,0,0,0,0,[2016-09-30
1444,9124,06:40:00),44,1,0,0,0,0,0,0,0,[2016-09-30
1445,9125,07:00:00),44,1,0,0,0,0,0,0,0,[2016-09-30
1446,9126,07:20:00),68,0,1,0,0,0,0,0,0,[2016-09-30
1447,9127,07:40:00),70,0,1,0,0,0,0,0,0,[2016-09-30
1448,9128,08:00:00),84,0,1,0,0,0,0,0,0,[2016-09-30
1449,9129,08:20:00),113,0,0,1,0,0,0,0,0,[2016-09-30
1450,9130,08:40:00),121,0,0,1,0,0,0,0,0,[2016-09-30
1451,9131,09:00:00),147,0,0,1,0,0,0,0,0,[2016-09-30
1452,9132,09:20:00),116,0,0,0,1,0,0,0,0,[2016-09-30
1453,9133,09:40:00),131,0,0,0,1,0,0,0,0,[2016-09-30
1454,9134,10:00:00),120,0,0,0,1,0,0,0,0,[2016-09-30
1455,9195,06:20:00),11,1,0,0,0,0,0,0,0,[2016-10-01
1456,9196,06:40:00),19,1,0,0,0,0,0,0,0,[2016-10-01
1457,9197,07:00:00),13,1,0,0,0,0,0,0,0,[2016-10-01
1458,9198,07:20:00),15,0,1,0,0,0,0,0,0,[2016-10-01
1459,9199,07:40:00),12,0,1,0,0,0,0,0,0,[2016-10-01
1460,9200,08:00:00),25,0,1,0,0,0,0,0,0,[2016-10-01
1461,9201,08:20:00),18,0,0,1,0,0,0,0,0,[2016-10-01
1462,9202,08:40:00),12,0,0,1,0,0,0,0,0,[2016-10-01
1463,9203,09:00:00),17,0,0,1,0,0,0,0,0,[2016-10-01
1464,9204,09:20:00),15,0,0,0,1,0,0,0,0,[2016-10-01
1465,9205,09:40:00),8,0,0,0,1,0,0,0,0,[2016-10-01
1466,9206,10:00:00),16,0,0,0,1,0,0,0,0,[2016-10-01
1467,9267,06:20:00),4,1,0,0,0,0,0,0,0,[2016-10-02
1468,9268,06:40:00),16,1,0,0,0,0,0,0,0,[2016-10-02
1469,9269,07:00:00),8,1,0,0,0,0,0,0,0,[2016-10-02
1470,9270,07:20:00),12,0,1,0,0,0,0,0,0,[2016-10-02
1471,9271,07:40:00),16,0,1,0,0,0,0,0,0,[2016-10-02
1472,9272,08:00:00),14,0,1,0,0,0,0,0,0,[2016-10-02
1473,9273,08:20:00),13,0,0,1,0,0,0,0,0,[2016-10-02
1474,9274,08:40:00),14,0,0,1,0,0,0,0,0,[2016-10-02
1475,9275,09:00:00),8,0,0,1,0,0,0,0,0,[2016-10-02
1476,9276,09:20:00),24,0,0,0,1,0,0,0,0,[2016-10-02
1477,9277,09:40:00),20,0,0,0,1,0,0,0,0,[2016-10-02
1478,9278,10:00:00),13,0,0,0,1,0,0,0,0,[2016-10-02
1479,9697,06:20:00),11,1,0,0,0,0,0,0,0,[2016-10-08
1480,9698,06:40:00),28,1,0,0,0,0,0,0,0,[2016-10-08
1481,9699,07:00:00),39,1,0,0,0,0,0,0,0,[2016-10-08
1482,9700,07:20:00),59,0,1,0,0,0,0,0,0,[2016-10-08
1483,9701,07:40:00),79,0,1,0,0,0,0,0,0,[2016-10-08
1484,9702,08:00:00),105,0,1,0,0,0,0,0,0,[2016-10-08
1485,9703,08:20:00),128,0,0,1,0,0,0,0,0,[2016-10-08
1486,9704,08:40:00),129,0,0,1,0,0,0,0,0,[2016-10-08
1487,9705,09:00:00),142,0,0,1,0,0,0,0,0,[2016-10-08
1488,9706,09:20:00),132,0,0,0,1,0,0,0,0,[2016-10-08
1489,9707,09:40:00),127,0,0,0,1,0,0,0,0,[2016-10-08
1490,9708,10:00:00),101,0,0,0,1,0,0,0,0,[2016-10-08
1491,9769,06:20:00),16,1,0,0,0,0,0,0,0,[2016-10-09
1492,9770,06:40:00),33,1,0,0,0,0,0,0,0,[2016-10-09
1493,9771,07:00:00),46,1,0,0,0,0,0,0,0,[2016-10-09
1494,9772,07:20:00),48,0,1,0,0,0,0,0,0,[2016-10-09
1495,9773,07:40:00),62,0,1,0,0,0,0,0,0,[2016-10-09
1496,9774,08:00:00),80,0,1,0,0,0,0,0,0,[2016-10-09
1497,9775,08:20:00),112,0,0,1,0,0,0,0,0,[2016-10-09
1498,9776,08:40:00),109,0,0,1,0,0,0,0,0,[2016-10-09
1499,9777,09:00:00),105,0,0,1,0,0,0,0,0,[2016-10-09
1500,9778,09:20:00),109,0,0,0,1,0,0,0,0,[2016-10-09
1501,9779,09:40:00),102,0,0,0,1,0,0,0,0,[2016-10-09
1502,9780,10:00:00),82,0,0,0,1,0,0,0,0,[2016-10-09
1503,9841,06:20:00),16,1,0,0,0,0,0,0,0,[2016-10-10
1504,9842,06:40:00),37,1,0,0,0,0,0,0,0,[2016-10-10
1505,9843,07:00:00),42,1,0,0,0,0,0,0,0,[2016-10-10
1506,9844,07:20:00),61,0,1,0,0,0,0,0,0,[2016-10-10
1507,9845,07:40:00),84,0,1,0,0,0,0,0,0,[2016-10-10
1508,9846,08:00:00),80,0,1,0,0,0,0,0,0,[2016-10-10
1509,9847,08:20:00),124,0,0,1,0,0,0,0,0,[2016-10-10
1510,9848,08:40:00),99,0,0,1,0,0,0,0,0,[2016-10-10
1511,9849,09:00:00),138,0,0,1,0,0,0,0,0,[2016-10-10
1512,9850,09:20:00),120,0,0,0,1,0,0,0,0,[2016-10-10
1513,9851,09:40:00),109,0,0,0,1,0,0,0,0,[2016-10-10
1514,9852,10:00:00),95,0,0,0,1,0,0,0,0,[2016-10-10
1515,9913,06:20:00),17,1,0,0,0,0,0,0,0,[2016-10-11
1516,9914,06:40:00),39,1,0,0,0,0,0,0,0,[2016-10-11
1517,9915,07:00:00),53,1,0,0,0,0,0,0,0,[2016-10-11
1518,9916,07:20:00),54,0,1,0,0,0,0,0,0,[2016-10-11
1519,9917,07:40:00),79,0,1,0,0,0,0,0,0,[2016-10-11
1520,9918,08:00:00),84,0,1,0,0,0,0,0,0,[2016-10-11
1521,9919,08:20:00),116,0,0,1,0,0,0,0,0,[2016-10-11
1522,9920,08:40:00),111,0,0,1,0,0,0,0,0,[2016-10-11
1523,9921,09:00:00),129,0,0,1,0,0,0,0,0,[2016-10-11
1524,9922,09:20:00),118,0,0,0,1,0,0,0,0,[2016-10-11
1525,9923,09:40:00),115,0,0,0,1,0,0,0,0,[2016-10-11
1526,9924,10:00:00),92,0,0,0,1,0,0,0,0,[2016-10-11
1527,9985,06:20:00),20,1,0,0,0,0,0,0,0,[2016-10-12
1528,9986,06:40:00),35,1,0,0,0,0,0,0,0,[2016-10-12
1529,9987,07:00:00),36,1,0,0,0,0,0,0,0,[2016-10-12
1530,9988,07:20:00),69,0,1,0,0,0,0,0,0,[2016-10-12
1531,9989,07:40:00),93,0,1,0,0,0,0,0,0,[2016-10-12
1532,9990,08:00:00),94,0,1,0,0,0,0,0,0,[2016-10-12
1533,9991,08:20:00),99,0,0,1,0,0,0,0,0,[2016-10-12
1534,9992,08:40:00),114,0,0,1,0,0,0,0,0,[2016-10-12
1535,9993,09:00:00),137,0,0,1,0,0,0,0,0,[2016-10-12
1536,9994,09:20:00),109,0,0,0,1,0,0,0,0,[2016-10-12
1537,9995,09:40:00),114,0,0,0,1,0,0,0,0,[2016-10-12
1538,9996,10:00:00),107,0,0,0,1,0,0,0,0,[2016-10-12
1539,10057,06:20:00),29,1,0,0,0,0,0,0,0,[2016-10-13
1540,10058,06:40:00),31,1,0,0,0,0,0,0,0,[2016-10-13
1541,10059,07:00:00),55,1,0,0,0,0,0,0,0,[2016-10-13
1542,10060,07:20:00),75,0,1,0,0,0,0,0,0,[2016-10-13
1543,10061,07:40:00),71,0,1,0,0,0,0,0,0,[2016-10-13
1544,10062,08:00:00),87,0,1,0,0,0,0,0,0,[2016-10-13
1545,10063,08:20:00),119,0,0,1,0,0,0,0,0,[2016-10-13
1546,10064,08:40:00),115,0,0,1,0,0,0,0,0,[2016-10-13
1547,10065,09:00:00),131,0,0,1,0,0,0,0,0,[2016-10-13
1548,10066,09:20:00),112,0,0,0,1,0,0,0,0,[2016-10-13
1549,10067,09:40:00),118,0,0,0,1,0,0,0,0,[2016-10-13
1550,10068,10:00:00),94,0,0,0,1,0,0,0,0,[2016-10-13
1551,10129,06:20:00),17,1,0,0,0,0,0,0,0,[2016-10-14
1552,10130,06:40:00),34,1,0,0,0,0,0,0,0,[2016-10-14
1553,10131,07:00:00),54,1,0,0,0,0,0,0,0,[2016-10-14
1554,10132,07:20:00),73,0,1,0,0,0,0,0,0,[2016-10-14
1555,10133,07:40:00),71,0,1,0,0,0,0,0,0,[2016-10-14
1556,10134,08:00:00),77,0,1,0,0,0,0,0,0,[2016-10-14
1557,10135,08:20:00),99,0,0,1,0,0,0,0,0,[2016-10-14
1558,10136,08:40:00),134,0,0,1,0,0,0,0,0,[2016-10-14
1559,10137,09:00:00),127,0,0,1,0,0,0,0,0,[2016-10-14
1560,10138,09:20:00),125,0,0,0,1,0,0,0,0,[2016-10-14
1561,10139,09:40:00),100,0,0,0,1,0,0,0,0,[2016-10-14
1562,10140,10:00:00),105,0,0,0,1,0,0,0,0,[2016-10-14
1563,10201,06:20:00),16,1,0,0,0,0,0,0,0,[2016-10-15
1564,10202,06:40:00),39,1,0,0,0,0,0,0,0,[2016-10-15
1565,10203,07:00:00),63,1,0,0,0,0,0,0,0,[2016-10-15
1566,10204,07:20:00),59,0,1,0,0,0,0,0,0,[2016-10-15
1567,10205,07:40:00),62,0,1,0,0,0,0,0,0,[2016-10-15
1568,10206,08:00:00),77,0,1,0,0,0,0,0,0,[2016-10-15
1569,10207,08:20:00),80,0,0,1,0,0,0,0,0,[2016-10-15
1570,10208,08:40:00),80,0,0,1,0,0,0,0,0,[2016-10-15
1571,10209,09:00:00),121,0,0,1,0,0,0,0,0,[2016-10-15
1572,10210,09:20:00),90,0,0,0,1,0,0,0,0,[2016-10-15
1573,10211,09:40:00),97,0,0,0,1,0,0,0,0,[2016-10-15
1574,10212,10:00:00),105,0,0,0,1,0,0,0,0,[2016-10-15
1575,10273,06:20:00),24,1,0,0,0,0,0,0,0,[2016-10-16
1576,10274,06:40:00),44,1,0,0,0,0,0,0,0,[2016-10-16
1577,10275,07:00:00),37,1,0,0,0,0,0,0,0,[2016-10-16
1578,10276,07:20:00),40,0,1,0,0,0,0,0,0,[2016-10-16
1579,10277,07:40:00),50,0,1,0,0,0,0,0,0,[2016-10-16
1580,10278,08:00:00),65,0,1,0,0,0,0,0,0,[2016-10-16
1581,10279,08:20:00),85,0,0,1,0,0,0,0,0,[2016-10-16
1582,10280,08:40:00),80,0,0,1,0,0,0,0,0,[2016-10-16
1583,10281,09:00:00),86,0,0,1,0,0,0,0,0,[2016-10-16
1584,10282,09:20:00),107,0,0,0,1,0,0,0,0,[2016-10-16
1585,10283,09:40:00),90,0,0,0,1,0,0,0,0,[2016-10-16
1586,10284,10:00:00),98,0,0,0,1,0,0,0,0,[2016-10-16
1587,10345,06:20:00),32,1,0,0,0,0,0,0,0,[2016-10-17
1588,10346,06:40:00),41,1,0,0,0,0,0,0,0,[2016-10-17
1589,10347,07:00:00),49,1,0,0,0,0,0,0,0,[2016-10-17
1590,10348,07:20:00),87,0,1,0,0,0,0,0,0,[2016-10-17
1591,10349,07:40:00),111,0,1,0,0,0,0,0,0,[2016-10-17
1592,10350,08:00:00),104,0,1,0,0,0,0,0,0,[2016-10-17
1593,10351,08:20:00),123,0,0,1,0,0,0,0,0,[2016-10-17
1594,10352,08:40:00),147,0,0,1,0,0,0,0,0,[2016-10-17
1595,10353,09:00:00),150,0,0,1,0,0,0,0,0,[2016-10-17
1596,10354,09:20:00),136,0,0,0,1,0,0,0,0,[2016-10-17
1597,10355,09:40:00),137,0,0,0,1,0,0,0,0,[2016-10-17
1598,10356,10:00:00),106,0,0,0,1,0,0,0,0,[2016-10-17
1599,10399,06:20:00),23,1,0,0,0,0,0,0,0,[2016-10-18
1600,10400,06:40:00),29,1,0,0,0,0,0,0,0,[2016-10-18
1601,10401,07:00:00),50,1,0,0,0,0,0,0,0,[2016-10-18
1602,10402,07:20:00),56,0,1,0,0,0,0,0,0,[2016-10-18
1603,10403,07:40:00),77,0,1,0,0,0,0,0,0,[2016-10-18
1604,10404,08:00:00),91,0,1,0,0,0,0,0,0,[2016-10-18
1605,10411,06:20:00),21,1,0,0,0,0,0,0,0,[2016-10-19
1606,10412,06:40:00),26,1,0,0,0,0,0,0,0,[2016-10-19
1607,10413,07:00:00),43,1,0,0,0,0,0,0,0,[2016-10-19
1608,10414,07:20:00),53,0,1,0,0,0,0,0,0,[2016-10-19
1609,10415,07:40:00),63,0,1,0,0,0,0,0,0,[2016-10-19
1610,10416,08:00:00),104,0,1,0,0,0,0,0,0,[2016-10-19
1611,10423,06:20:00),16,1,0,0,0,0,0,0,0,[2016-10-20
1612,10424,06:40:00),49,1,0,0,0,0,0,0,0,[2016-10-20
1613,10425,07:00:00),37,1,0,0,0,0,0,0,0,[2016-10-20
1614,10426,07:20:00),47,0,1,0,0,0,0,0,0,[2016-10-20
1615,10427,07:40:00),60,0,1,0,0,0,0,0,0,[2016-10-20
1616,10428,08:00:00),104,0,1,0,0,0,0,0,0,[2016-10-20
1617,10435,06:20:00),21,1,0,0,0,0,0,0,0,[2016-10-21
1618,10436,06:40:00),28,1,0,0,0,0,0,0,0,[2016-10-21
1619,10437,07:00:00),42,1,0,0,0,0,0,0,0,[2016-10-21
1620,10438,07:20:00),54,0,1,0,0,0,0,0,0,[2016-10-21
1621,10439,07:40:00),76,0,1,0,0,0,0,0,0,[2016-10-21
1622,10440,08:00:00),79,0,1,0,0,0,0,0,0,[2016-10-21
1623,10447,06:20:00),19,1,0,0,0,0,0,0,0,[2016-10-22
1624,10448,06:40:00),18,1,0,0,0,0,0,0,0,[2016-10-22
1625,10449,07:00:00),25,1,0,0,0,0,0,0,0,[2016-10-22
1626,10450,07:20:00),38,0,1,0,0,0,0,0,0,[2016-10-22
1627,10451,07:40:00),39,0,1,0,0,0,0,0,0,[2016-10-22
1628,10452,08:00:00),69,0,1,0,0,0,0,0,0,[2016-10-22
1629,10459,06:20:00),9,1,0,0,0,0,0,0,0,[2016-10-23
1630,10460,06:40:00),19,1,0,0,0,0,0,0,0,[2016-10-23
1631,10461,07:00:00),33,1,0,0,0,0,0,0,0,[2016-10-23
1632,10462,07:20:00),36,0,1,0,0,0,0,0,0,[2016-10-23
1633,10463,07:40:00),53,0,1,0,0,0,0,0,0,[2016-10-23
1634,10464,08:00:00),51,0,1,0,0,0,0,0,0,[2016-10-23
1635,10471,06:20:00),23,1,0,0,0,0,0,0,0,[2016-10-24
1636,10472,06:40:00),41,1,0,0,0,0,0,0,0,[2016-10-24
1637,10473,07:00:00),60,1,0,0,0,0,0,0,0,[2016-10-24
1638,10474,07:20:00),75,0,1,0,0,0,0,0,0,[2016-10-24
1639,10475,07:40:00),101,0,1,0,0,0,0,0,0,[2016-10-24
1640,10476,08:00:00),99,0,1,0,0,0,0,0,0,[2016-10-24
